0,184.71418795,143.632299848,32.7222309966
0,178.957366266,146.615739426,30.7231632311
0,173.602561809,149.702217337,27.3377380835
0,167.693308406,152.67940946,24.4056306914
0,161.862565478,155.83950459,21.09187786
0,155.796044802,158.99587667,18.2595867158
0,149.074718198,161.706655191,16.0651795179
0,142.288544907,164.551728974,14.1260815576
0,135.507247364,167.49304669,12.218044214
0,128.586511035,170.349862296,10.491322581
0,121.582972914,173.019627898,8.4950997765
0,114.581930313,175.764522189,6.76934022717
0,107.585119314,178.571599052,5.29538539944
0,100.631445712,181.330555438,3.73279279294
0,93.6608903202,184.173933601,2.5331632843
0,86.7175007358,186.92002962,1.13005705498
0,79.7173426752,189.554320395,0.222478383044
0,72.6974917366,192.002802818,-0.644864766516
0,65.701536932,194.54386128,-1.13772911664
0,58.7437197294,197.016186453,-2.56115079145
0,51.6982287937,199.542100315,-3.30609607538
0,44.5678937572,201.969340767,-4.31473335629
0,37.3718162174,204.29922714,-5.05471631013
0,30.140251397,206.697985945,-5.4775435469
0,22.9394747265,209.015942198,-5.76113428813
0,15.7378088561,210.865432363,-6.5790701912
0,8.57120130412,212.797492207,-7.05717784774
0,1.47779095332,214.726735003,-7.14942352141
0,-5.5720072869,216.439449613,-7.28031798392
0,-12.5961473958,218.084100331,-7.52506683063
0,-19.5676608157,219.473498192,-7.7681571478
0,-26.4957585455,220.79043413,-7.91329429479
0,-33.3176772096,221.948826641,-7.50284691371
0,-40.1658992702,222.804468098,-7.28279404111
0,-47.0901727427,223.554744338,-7.03506326672
0,-54.1220485506,224.185045862,-6.78406361209
0,-61.2088293438,224.784668923,-6.16535198688
0,-68.4968526784,225.251559636,-5.79617490201
0,-75.8318316619,225.845628408,-4.86227168859
0,-83.3847482269,226.342654071,-4.23655938731
0,-90.9335470988,226.699519321,-3.47343640644
0,-98.5284323962,227.030461408,-2.61965418286
0,-106.213725607,227.241581084,-1.83524876749
0,-113.846117816,227.324734671,-0.754810627909
0,-121.707018456,227.391150601,0.18942965889
0,-129.552079896,227.504239024,1.57480557329
0,-143.408436102,227.45456282,4.56008362746
0,-155.050759793,227.282363379,6.87381602732
0,-165.183065687,227.101065286,9.15372042434
0,-174.361006745,227.111150716,11.6499653012
0,-183.334372423,227.319197146,14.0300040488
0,-191.712626304,227.247159641,16.4498869648
0,-200.16761877,227.536975713,18.9912083849
0,-207.851107217,227.081224356,21.4695603093
0,-215.467328706,226.683197328,24.0179225058
0,-223.560147442,226.750969521,26.6372302301
0,-230.077137532,225.775089877,29.4175896429
0,-237.386665233,225.305100552,32.1681693354
0,-244.670620417,224.003072552,34.1159212595
0,-250.522363608,223.156511092,37.2667341811
0,-255.714204425,224.15637269,42.0193827272
0,-260.243216962,223.997002892,45.8280740376
0,-263.742495726,223.299589674,49.4221908294
0,-267.748266589,221.612384734,51.4784130698
1,172.12581032,161.675029569,55.0565794931
1,166.9072388,166.13492956,51.4147504855
1,161.10030285,170.491168135,47.9075877718
1,154.589483812,174.48629121,44.2183655866
1,147.737923515,178.462927718,40.600756592
1,140.006277148,181.912353131,37.7451187245
1,132.368971133,185.256611863,33.8572921849
1,124.121016638,188.456660541,31.1105645104
1,115.735841633,191.41703758,28.3129123551
1,107.143615658,194.298529258,26.0582875571
1,98.5110006534,197.12043861,23.7968558984
1,89.7811332372,199.744799786,21.5151833426
1,81.1091673324,202.367555137,18.9327789751
1,72.1857957009,204.691438994,16.5505666814
1,63.1025394539,207.388042815,14.956492404
1,53.8428543355,209.894226197,13.1549228203
1,44.4100508968,212.542965698,11.6971566747
1,34.8217696954,215.030300192,10.075734381
1,25.1806952278,217.586991186,8.44243283792
1,15.4913660163,219.981212446,7.04489422501
1,5.79873179716,222.215805688,5.59308523149
1,-3.85902352879,224.245740825,4.38933593489
1,-13.4559747147,226.097561359,3.36611662524
1,-22.9751630707,227.834984472,2.65345551238
1,-32.3626301942,229.302368313,1.92252456192
1,-41.6604306299,230.641411389,1.80405930672
1,-50.949369503,231.893098749,1.39261834576
1,-60.1705973129,232.927152467,1.47518918762
1,-69.3930415768,233.660039158,1.44026787291
1,-78.6124321096,234.219251569,1.38517839645
1,-87.806463017,234.647042202,2.07924680404
1,-97.0699194495,234.864120056,2.28325482384
1,-106.454080227,235.127510107,2.69434769259
1,-115.720191199,235.063634188,3.43289282409
1,-125.095017894,235.001448135,4.01020485145
1,-134.358670292,234.999361419,5.11605281
1,-143.454548596,235.035680142,6.46638983687
1,-152.468217343,234.965473617,7.56810430994
1,-161.217653969,234.730933502,9.11087128114
1,-169.698757802,234.394386437,11.0658559821
1,-178.045553341,234.066549592,13.5441195012
1,-186.29946594,233.457858018,15.8466681172
1,-200.906689768,232.443011369,20.0939494093
1,-213.088177346,231.525567482,24.0465544813
1,-223.92937213,230.81217164,27.7832736146
1,-232.24784537,226.964460341,29.0891303312
1,-241.237680981,226.725376536,33.528529262
1,-250.129464415,227.29669411,38.4207401349
1,-259.490559578,228.008433967,42.7746038975
1,-266.692713125,228.903745288,48.6933925857
1,-274.364455621,228.114822809,52.3491683609
2,113.347302374,154.330720513,85.1558302393
2,121.304702421,156.239802966,83.8159510382
2,129.022408651,159.018828446,83.0531613204
2,136.151055462,161.8562435,82.0974634665
2,142.625144949,165.003301092,81.5483463717
2,148.620879307,168.386495096,80.8029007798
2,154.168955231,172.111802892,80.0191504568
2,158.981896535,176.305908864,79.8271327639
2,162.556980126,180.559959447,80.32486531
2,166.303299421,184.806034142,79.5062055409
2,169.345629606,189.125980695,78.8265097055
2,172.33796072,193.661040992,77.6609113889
2,174.360868483,198.372754051,77.4607758547
2,176.217032634,203.198528137,76.9984376499
2,177.711688146,207.828769594,76.1525255475
2,179.00668597,212.798144188,75.5027157629
2,179.955156833,217.686895773,74.5166998432
2,180.091277563,222.328477475,73.799544562
2,180.810194376,227.679860118,72.2311853485
2,179.945787445,232.159829831,71.6650085092
2,178.325285329,236.189992528,71.224087536
2,176.591109307,240.262422858,70.6325592142
2,174.5097388,244.041182139,69.6771443022
2,172.756043889,248.184228678,68.0081531671
2,170.346893844,251.82792107,66.36593343
2,167.881176677,255.808961893,64.6201229091
2,164.430361265,259.209047701,63.1815425486
2,160.537693505,262.269756933,61.2206264189
2,156.174679732,265.375898456,59.6364267746
2,151.493922552,268.584659835,58.0031547126
2,146.323021176,271.586631087,56.1925878218
2,140.993371383,274.813185459,54.1038631261
2,135.014058073,277.603654027,52.1446564807
2,128.789960582,280.516689759,50.1238662804
2,122.242094018,283.029875717,47.662798179
2,115.332669212,285.357847913,45.1916911209
2,107.806773561,287.165899031,43.2521483388
2,100.170169587,289.271831032,41.1682641724
2,92.2781813816,291.195957594,38.7329840001
2,83.8846156664,292.559804096,36.8088868047
2,75.3601437276,294.088160461,35.0354096942
2,66.6111487629,295.422499066,32.8939047285
2,57.5389128992,296.467433904,31.1722226201
2,48.278080051,297.396607317,29.3078767486
2,38.8894204956,298.05481685,27.3009121604
2,29.3893066589,298.556592267,25.2709978644
2,19.7953863462,298.823602058,23.6142083581
2,10.1313602846,299.036178997,22.0427487004
2,0.374196598717,298.791976555,20.57199082
2,-9.4729864519,298.20100388,19.1108046327
2,-19.3836027439,297.376857841,18.1813245769
2,-29.2532362247,296.118542613,17.9019155189
2,-39.2018771564,294.705315267,17.0041614963
2,-49.1229251084,292.883631988,16.3460035027
2,-58.9607034572,290.604033787,15.8401360168
2,-68.7758186108,288.257593081,15.3256809887
2,-78.3879012216,285.396625599,15.1927906893
2,-87.8970251035,282.15206508,15.2224462471
2,-97.3832384747,278.881004387,15.4675737059
2,-106.817628074,275.2745796,15.6079171113
2,-116.168739472,271.239086644,15.5757831608
2,-125.467990464,267.272695966,15.9946215277
2,-134.605022723,263.097125293,16.7044722455
2,-143.661307586,258.848753385,17.4704431338
2,-152.629524931,254.700303292,18.5851043762
2,-161.654165101,250.562914229,19.7295379118
2,-170.47843461,246.437429212,21.2889326186
2,-179.186578965,242.276063027,23.0383016025
2,-187.866476409,238.474849623,25.2195822945
2,-196.242064039,234.255670665,27.1118522558
2,-204.714906439,230.282053782,29.0606302454
2,-212.735488815,226.336584681,31.2024384427
2,-220.365570389,222.44006364,33.3624753181
2,-228.29302108,219.378087317,35.8223540538
2,-235.870518965,216.599439133,38.5438999323
2,-244.507150492,214.762367063,41.1387291544
2,-250.967430429,211.623222813,43.5441961304
2,-259.709714479,208.736469398,43.9870801621
2,-263.828712442,207.930403708,49.637799524
2,-267.209223302,207.696039674,55.8070836546
2,-273.610723471,207.299906664,59.8597357937
2,-275.500763808,206.369916696,65.5510157517
2,-272.404098775,204.273317653,73.2163967494
3,163.939401118,308.270777191,110.680132396
3,162.670047729,307.613719073,110.686491933
3,161.802660782,307.306784408,110.692173104
3,160.929708326,306.963951588,110.857862513
3,160.02839787,306.51825863,111.293844075
3,159.418666597,306.497889358,111.78872622
3,158.861104788,306.604077932,112.467581752
3,158.310155386,306.534081064,112.742426909
3,157.591807374,305.997941223,112.950058296
3,157.341093743,306.471741837,113.675528415
3,156.980832258,306.630794883,114.161100241
3,156.641217738,306.750805995,114.607737408
3,156.236609005,306.629054393,114.698338874
3,156.002545203,306.784663796,114.90626675
3,155.784312149,306.989587296,115.046614979
3,155.430704745,307.005349829,115.368128884
3,155.162215716,306.904600992,115.086473607
3,154.930018397,307.1183468,115.471360271
3,154.458069896,307.428761099,117.213505629
3,154.51478728,307.890216986,117.065864716
3,154.412785889,308.190345351,117.137711738
3,154.174836905,308.360906457,117.593404056
3,154.149460368,308.551427558,117.09002908
3,153.816861088,308.409365075,117.213053223
3,153.77518266,308.617582546,116.835488014
3,153.623321932,309.18462105,117.94466037
3,153.317546724,309.073414386,117.598244277
3,153.146254067,309.309620019,117.725066626
3,153.030389962,309.547598174,117.343872522
3,152.682796522,309.509284386,117.503938456
3,152.344007589,309.589935656,117.713869272
3,152.146315809,309.96912711,117.957425324
3,151.869785727,310.168124522,118.009834472
3,151.601370162,310.445493621,118.27941793
3,151.375246466,310.714210768,118.360345454
3,151.024457328,310.629055936,117.902773935
3,150.834534891,310.966690701,117.97957777
3,150.357170128,310.649579029,118.119104049
3,150.290180759,311.163196703,118.235445529
3,150.07931731,311.189829204,117.809798058
3,149.781799203,311.310290975,118.29314576
3,149.679026186,311.628025723,118.040957876
3,149.623504048,311.838624038,117.470884118
3,149.230784819,311.563063549,117.452844664
3,149.077809502,311.984055667,118.692346981
3,148.87682582,311.758438095,118.051272793
3,148.715818142,311.471547142,117.652027518
3,148.718853839,311.672446422,117.817175363
3,148.586028772,311.550154184,118.106239698
3,148.655539013,311.600235443,117.665569259
3,148.592505294,311.492631493,117.216947532
3,148.326921849,311.455411844,118.151637858
3,148.316976835,311.33184864,117.243350404
3,148.191967227,311.343755636,116.776731602
3,147.899117066,311.077748974,116.50476954
3,147.729360542,311.126210233,116.440962915
3,147.373780863,310.738983359,115.892747375
3,147.199383062,310.943359341,116.076379685
3,146.949219541,311.087802028,116.551597366
3,146.480786571,310.608390812,116.217439581
3,146.332995488,310.942487558,116.537905696
3,145.939368078,310.61726648,115.924513183
3,145.650090451,310.66235461,116.053204294
3,145.493236969,311.033135776,116.214872451
3,145.085517988,310.810166129,115.884766891
3,144.731083686,310.778521079,115.941744559
3,144.42402421,310.903871509,116.185060139
3,144.021950843,310.618364726,115.432681683
3,143.661146773,310.586211984,115.483897137
3,143.416474795,310.647478423,115.104617368
3,143.108367176,310.660144326,115.189725286
3,142.852816977,310.700835983,115.367627241
3,142.694077468,310.898147461,115.21039052
3,142.417689479,310.836691028,115.3067109
3,142.098603672,310.456885684,114.556689372
3,142.093291549,310.94581555,114.648143748
3,141.865067595,310.822014166,114.583057042
3,141.670692544,310.608580903,114.235395129
3,141.572530764,310.759980567,114.78509154
3,141.441150342,310.637350609,114.416155412
3,141.44784617,310.719367412,114.509021242
3,141.501854362,310.781331343,114.548782913
3,141.615255012,310.979710908,114.725447898
3,141.539139994,310.722759986,114.85191234
3,141.735660728,311.025676224,115.586676471
3,141.75250713,310.946031325,115.521870328
3,141.984770955,311.249693738,115.191394801
3,142.008535756,311.200122928,115.287123552
3,142.106580019,311.506780276,115.719603047
3,142.078211618,311.33462471,115.220352277
3,141.996984081,311.311079946,115.519211625
3,142.04009044,311.564280488,115.147538848
3,141.913532782,311.449668356,115.18505159
3,142.053690817,311.962716897,115.446741389
3,141.73657929,311.599001855,115.43419174
3,141.80868925,312.114823047,114.973757419
3,141.723067792,312.233841311,114.850680966
3,141.415872327,312.03567934,114.734228726
3,141.030570313,311.741527959,114.526319904
3,140.840250711,311.753466298,114.596487442
3,140.848889775,312.26442338,114.664946662
3,140.476213041,311.828804987,114.508074453
3,140.322313341,311.859679089,114.602330509
3,140.425551525,312.439366365,115.206441938
3,140.289304805,312.587199376,115.394668373
3,140.232079415,312.722345143,115.403389855
3,140.061381397,312.625378892,115.156443432
3,140.09665359,312.954027881,115.351325056
3,140.008109731,312.951857083,115.445356139
3,139.768697664,312.585559978,115.054635801
3,139.70450573,312.706836983,115.335871404
3,139.882118931,313.18939039,115.211223849
3,139.95062032,313.446276824,115.178287292
3,139.987566505,313.628002933,115.770352652
3,140.099506584,313.929313414,115.511293241
3,140.245371599,314.448294784,115.928755025
3,140.586222955,315.315523811,115.964848127
3,140.731820465,315.712509328,116.027890856
3,140.958658667,316.255792953,116.02615864
3,141.321639095,316.958690778,116.259004637
3,141.55872999,317.320571751,115.341618221
3,141.97396122,318.287220794,115.124381952
3,142.313550802,319.311790441,114.846343543
3,142.335832148,320.021099502,114.397951371
3,142.315560289,321.102391397,113.880217361
3,140.947832766,322.608467119,112.673646907
3,139.255494225,323.8721642,111.526765969
3,136.966936024,324.637470953,110.685309028
3,134.577140778,325.873017515,109.765882205
3,131.726967414,326.956098564,108.646202884
3,128.678989495,328.502587302,107.527663875
3,125.077470668,329.517113309,106.242617988
3,121.085205991,330.582909659,104.709990498
3,116.595697665,330.978663955,102.661303553
3,111.668235897,331.202240431,100.864724325
3,106.536236825,331.5132104,98.5209987484
3,100.866135459,331.004671683,96.5030724746
3,94.703529437,329.812574493,94.1553851558
3,88.3027928153,328.767487915,91.5829513226
3,81.6128628391,327.782366175,89.0881447106
3,74.6484589556,326.958374752,86.4530829007
3,67.2042601092,325.802828599,84.0097862412
3,59.4441711355,324.508209134,81.2513028445
3,51.3919971282,323.063938041,79.2799492992
3,43.068034317,321.299486354,76.6592337077
3,34.499746347,319.060678726,74.2044376009
3,25.680602362,316.634674506,71.8613106838
3,16.6325778024,313.379492967,69.6767079404
3,7.22316593284,309.498606456,67.0244297121
3,-2.48056159862,305.398093475,64.9505930386
3,-12.486685976,300.835414348,62.8747768217
3,-22.726653886,295.803705886,60.5806263047
3,-32.91514717,290.502809495,59.247988443
3,-43.1822772459,285.164299773,58.2887758888
3,-53.8054838937,279.936071169,56.9940220504
3,-64.483771726,273.961385585,55.5825156736
3,-74.8694202031,267.650915542,55.3318016176
3,-85.5800245978,261.315423838,54.9322182763
3,-96.4290764347,254.846129465,54.7906405779
3,-107.288811108,248.489384448,55.3543126656
3,-118.107206331,241.730784612,55.8988598826
3,-129.311215188,235.550772099,56.4752022883
3,-140.614289766,230.065999119,57.5504518418
3,-150.991716316,223.97724043,59.0516523894
3,-161.671469833,217.909106222,60.4402355853
3,-172.353504515,212.511762817,62.5230055627
3,-183.109167895,207.53100895,64.984213933
3,-194.041772161,203.008293026,67.778214819
3,-204.705533782,199.343261147,71.7014966065
3,-215.675548351,196.324129415,76.1605273889
3,-228.141779786,194.394232084,81.2259166339
3,-232.298954919,195.065811476,92.740470699
3,-239.081108971,193.655253693,100.76189107
4,191.905851638,320.523490029,135.208915106
4,191.146569562,320.625440638,134.166317675
4,189.357908858,320.25845153,134.352887354
4,188.696579485,320.86713481,133.904643717
4,187.721035854,320.551361348,132.66313232
4,187.499738364,321.456688022,131.811765874
4,186.600506626,321.457878236,130.905729529
4,185.633513763,321.586522114,130.411450672
4,183.909978078,321.342729667,130.744478661
4,182.888529968,321.1917491,129.766408293
4,181.468200363,321.080114974,129.542427334
4,180.230635566,320.70142389,128.552857881
4,179.201849897,320.436336856,127.18621749
4,177.46474292,319.783492302,126.62209257
4,175.732963087,319.139715139,125.757699958
4,174.154155206,318.783767525,125.049838002
4,172.284672708,317.785675351,123.655079297
4,170.306757797,317.024695293,122.870936449
4,168.340330256,315.731160415,120.911071739
4,166.239390593,314.807767021,119.447065698
4,163.938440025,313.524923365,117.554414691
4,161.358848254,312.055309591,115.516410099
4,158.527589717,310.830039915,113.563453016
4,155.278164072,309.394949795,111.404414153
4,151.408286264,307.34974025,109.006491733
4,147.530655702,305.799856725,106.412924338
4,143.126097553,303.961823552,103.649687206
4,137.989863102,301.942897267,101.454127976
4,132.640218955,299.849094601,98.5554331137
4,127.219221218,298.246624993,95.3461142354
4,121.169566408,296.327041641,92.2043487558
4,114.755069124,294.490534521,88.9951432655
4,108.080230813,292.741520687,85.600376886
4,100.941421144,291.147039635,82.7447951945
4,93.4345936713,289.217695884,79.9149606478
4,86.0410995,287.486828325,76.2295814667
4,78.4257999755,285.603317275,72.2630330757
4,70.6570457826,284.220900141,68.6105981371
4,62.4933451742,282.508915645,65.1880216259
4,53.995301146,280.890404339,62.1619978714
4,45.3314471904,279.505519763,58.9858655883
4,36.4017883603,277.725438318,55.5482003624
4,27.2034524413,275.771675466,51.8761610938
4,17.7896613482,273.729264667,48.451443276
4,8.20940924597,271.843836815,45.4241378514
4,-1.49261105069,269.866840403,42.479999098
4,-11.2457226986,267.893124712,39.5620284429
4,-21.0191166334,265.892774882,36.7734859331
4,-30.7887027883,263.827931723,33.9777224022
4,-40.5753086119,261.722884429,31.4436078689
4,-50.3953775948,259.615802181,28.4327723383
4,-60.1927843739,257.680644243,25.9627215979
4,-69.8709692866,255.960495301,24.5711469436
4,-79.4756401172,253.966239533,22.5758886729
4,-89.0603383686,252.018540381,20.6280899325
4,-98.5980954235,250.318189085,19.0922566645
4,-108.054409972,248.619606134,17.5165399752
4,-117.392383099,247.08795989,16.245604844
4,-126.589317281,245.684075167,15.2082919427
4,-135.66238389,244.375650475,14.1225990318
4,-144.597608075,243.279855838,13.2404664787
4,-153.367819051,241.922953875,11.9880649677
4,-162.073142811,240.815890866,10.9991758608
4,-170.5617039,239.549248294,9.90877300844
4,-179.023559834,238.744541618,9.52788941725
4,-187.489123518,237.798072817,8.76913402748
4,-195.654994445,236.696473394,8.35649037151
4,-203.608444657,235.539725744,8.19179637547
4,-211.807938719,234.834790855,8.20085990776
4,-220.274085415,234.532011866,8.30563972264
4,-228.242927775,233.921165461,8.39166020138
4,-236.534985103,233.804046475,8.66329763665
4,-244.055552375,234.077882772,9.96186799483
4,-251.22532363,234.571093355,11.6553547333
4,-258.840285179,235.167979818,13.0120873921
4,-265.302950459,232.612483891,12.3101845017
4,-272.071442948,235.93040643,17.1114835771
4,-276.012287723,238.295911114,23.2383430247
5,190.223864035,319.819075964,122.41546433
5,188.266253623,320.165524307,120.599324515
5,185.265580119,319.892693274,119.189353129
5,182.817663421,320.324149794,117.17927253
5,179.633600939,319.76362177,114.770159176
5,176.193772949,319.659677068,112.925055203
5,172.848499796,319.819002241,110.99863919
5,169.423647569,319.570337141,108.203671236
5,165.746386595,319.15353312,105.285783992
5,161.333828112,318.376221162,102.980937085
5,156.993042421,317.586838608,100.127113554
5,152.031103353,315.826283221,96.769376254
5,146.903450564,314.023800397,93.0067842769
5,141.109837292,312.212383303,90.1320062306
5,135.029843356,310.197994535,87.0440403786
5,128.777033298,308.102318465,83.6766873671
5,122.369316547,306.088513721,80.3525382799
5,115.789773908,303.759521748,76.4391496538
5,108.623279584,300.724598372,72.923924532
5,101.516361281,297.668162855,68.7688426318
5,93.9230693316,294.121035167,65.1807053822
5,86.1520943343,290.53400353,61.4527506501
5,78.105957735,286.575791092,57.4824713646
5,69.9156023491,282.957942205,53.5619884414
5,54.0848235751,276.827984789,47.6852633708
5,40.4156428335,271.35422227,42.2228866873
5,27.8888939769,266.545614472,38.5377550896
5,16.3610059128,262.26851235,34.2984013099
5,5.27181387504,257.967386254,30.6972969652
5,-5.49270080006,253.787452203,27.5584500404
5,-16.1266094451,249.46250891,24.8427337848
5,-26.7236789048,245.142998533,22.5125164178
5,-37.3593348504,240.621387998,20.7007428418
5,-48.0284876431,236.140775901,19.310096256
5,-58.6105453288,231.306517634,17.6098288238
5,-69.1368030487,226.387822287,16.3414093819
5,-79.5651033326,221.532138676,15.4096007036
5,-89.930074505,216.824923918,14.8491403915
5,-100.229788711,212.098198023,14.314158105
5,-110.531037383,207.806088588,14.7364990502
5,-120.874359552,203.373347107,14.8078990419
5,-131.284389779,199.19975394,15.3185216585
5,-141.638185426,195.036313891,15.8429785971
5,-151.935964037,191.054263612,16.7262190615
5,-162.090212948,187.226299796,17.9265178705
5,-172.018989964,183.657871145,19.5279105875
5,-182.233753,180.542299724,21.0740670902
5,-192.213783826,177.421110738,22.6739074692
5,-202.056439603,174.487149414,24.4200000619
5,-212.5445747,172.404145974,26.67947223
5,-222.731655197,170.564717921,29.4836071211
5,-231.586054826,171.453699094,36.7545068458
5,-238.791874997,171.942289766,44.4880097171
5,-242.452931715,172.117151465,54.7149317475
5,-245.744575395,171.542171406,64.7598090033
6,194.148811815,323.253821576,148.980928837
6,194.365948067,322.371341116,147.973667217
6,194.432609409,320.764456241,146.210508491
6,194.404051187,319.459636092,144.973451912
6,194.382430487,318.321753254,143.773512678
6,194.523586133,316.858860915,141.774297125
6,193.262057265,314.507611604,140.683524374
6,192.059757692,311.97585767,139.171771752
6,191.016063879,309.339492981,137.235509593
6,189.495445096,306.379183422,135.492478815
6,188.954635411,303.445928454,132.191928182
6,187.945389037,300.362332026,128.938952046
6,186.155513984,297.057425261,126.145705297
6,181.914791771,292.759631003,124.883709219
6,179.835688127,288.892144558,120.77847126
6,177.310221107,284.899262907,116.734528812
6,173.932952401,280.506948807,112.826736902
6,170.184176962,276.546396771,109.00916087
6,165.780277327,272.422429631,105.108407548
6,160.744567262,267.69941465,100.503926694
6,155.437145957,263.396864386,96.1304786523
6,149.272919337,258.908955784,92.184469924
6,142.881072072,254.476003986,87.8942766236
6,136.301476232,250.125569147,83.2552928187
6,129.494314228,245.95759115,78.5345606245
6,121.987876632,241.800037505,74.4652004554
6,114.395728873,237.492741978,69.9788758513
6,106.724660711,233.523040596,65.6316994297
6,99.0432638243,229.83930654,61.2125133598
6,91.1694218504,226.411350363,57.1643669105
6,83.3053086658,223.062208113,52.7207114023
6,75.3426750411,220.094750934,48.5116472911
6,67.276628264,217.521599285,44.4616978839
6,59.0530956345,215.637624026,40.970317851
6,50.6851337802,213.844901159,37.2787736429
6,42.2511544323,212.454306565,33.35981334
6,33.5882393235,211.610134955,30.0140842106
6,24.8164003912,210.907411226,26.7335386621
6,15.9426787745,210.494314662,23.6017609424
6,7.02630127071,210.294121262,20.1449283316
6,-2.01086217125,210.375540575,16.8848315991
6,-11.1479757152,210.655901028,13.6317222807
6,-20.3130850467,211.307116194,10.5296195155
6,-29.4371263497,212.206767777,7.66767250855
6,-38.5674404763,213.487326234,5.1590752603
6,-47.6723738312,215.021692825,2.58014892934
6,-56.7139046375,216.882669341,0.466597698732
6,-65.6656724163,218.876592331,-1.72217040397
6,-74.5096451058,220.999088195,-3.7883253825
6,-83.3256531641,223.482735116,-5.44115288888
6,-92.1393177253,225.936045485,-7.40962628809
6,-100.826190038,228.516206964,-8.63085296903
6,-109.564340478,231.093553889,-10.2806128919
6,-118.278494068,233.791998651,-11.7936102797
6,-126.911091549,236.70381866,-13.143835796
6,-134.866232118,238.489031649,-14.8475626546
6,-143.04466976,241.439754894,-16.1097417254
6,-151.212343878,244.964417666,-17.0644249461
6,-159.904587248,249.752097372,-18.2595936697
6,-167.176748616,252.842553756,-18.7166689484
6,-174.676894731,256.24237074,-19.2936171878
6,-181.6947375,259.145466193,-19.8264281714
6,-190.69187608,262.986192338,-22.9378373636
6,-197.847146628,266.449818472,-22.6618566779
6,-203.991721875,268.804081367,-22.2552309504
6,-210.001494204,271.010839888,-21.9944571024
6,-215.029039053,271.908213261,-22.1080248962
6,-220.268488251,273.625140093,-21.7188504742
6,-226.174486999,275.910586047,-21.8156480436
6,-232.015466697,278.392000872,-21.6394290896
6,-237.819841045,281.211493012,-20.9438665858
6,-243.364683098,283.918082778,-19.939247165
7,181.753948943,325.114038726,145.216637482
7,178.306119328,322.793686063,143.821025775
7,176.248453244,321.139164035,140.955596223
7,173.367530509,318.881822903,138.122062376
7,170.651731735,316.714180461,134.700146405
7,168.048665356,314.833622955,131.013361191
7,164.974638207,312.970289999,127.874062232
7,161.702236927,311.151269031,124.722869493
7,158.79358891,309.54429945,120.933191814
7,155.221693145,307.236959369,117.144747426
7,151.463095072,305.022241877,113.555299609
7,147.224784191,302.643005587,110.32001993
7,142.641121166,299.599452685,106.765858333
7,138.099460226,296.898689166,103.276737579
7,133.483129321,293.860204479,99.3729172601
7,128.72869835,290.932162985,95.6817399259
7,123.792684898,287.698863604,91.9269724432
7,118.790797351,284.43910542,88.1935017847
7,113.542149199,281.407860646,84.9196653468
7,108.397221644,278.229021878,81.0069975985
7,102.930184252,274.985037742,77.4198283353
7,97.4834562241,271.943852359,73.7516589535
7,91.731269371,268.547644012,70.2520111599
7,86.1037973142,265.24213366,66.3755664897
7,80.1096264689,261.9964854,63.0106947892
7,73.9176657552,258.763806631,59.8038835551
7,67.7284655093,256.010060975,56.5276097491
7,61.6642019793,253.369270732,52.7945909616
7,55.3282033835,250.680877362,49.5536333378
7,49.1118080965,248.240595678,46.065565573
7,42.733114093,246.188104857,42.9882050109
7,36.2729499886,244.138509068,39.925566681
7,29.6798901522,242.211701836,36.8626070001
7,23.0337076279,240.361520702,33.4455236866
7,16.2421517769,238.67007723,30.274604342
7,9.24746885953,236.96845294,27.3253267812
7,2.18646658243,235.358660531,24.1921977399
7,-5.05539688101,233.797714388,21.4027037853
7,-12.4609575096,232.385784736,18.8555779385
7,-19.9472430616,231.004847598,16.2297660152
7,-27.5217229998,229.791075343,13.3975720283
7,-35.1766676571,228.643164271,10.8515071025
7,-42.8408475442,227.29426252,8.46459548181
7,-50.5821471936,226.195489096,5.7386430373
7,-58.4050392756,225.252463067,3.76773964888
7,-66.2092974409,224.285405426,1.65671751099
7,-74.0506841646,223.543028142,-0.277360014831
7,-87.8139879807,222.221354507,-3.79472772669
7,-99.2498775984,221.34692625,-6.3453342796
7,-109.30625855,220.683711483,-8.92355124637
7,-118.245740833,219.788658969,-11.3252729338
7,-126.881001737,219.658951472,-13.5722082606
7,-135.492338632,220.429788634,-15.7513175828
7,-143.439196962,220.658472239,-17.417513005
7,-151.232800767,221.196795996,-18.6302151931
7,-160.027184841,222.485780507,-21.1550981159
7,-167.409665595,223.094302229,-21.9764345134
7,-174.73547137,223.610504153,-22.9472295793
7,-181.942941633,224.271091532,-23.3618538143
7,-189.656140074,225.139816616,-24.1469690151
7,-197.545794584,226.186890162,-24.7345426439
7,-205.59330545,227.33114474,-25.147982007
7,-213.715481775,228.510300126,-25.3137485468
7,-221.942747969,229.939833716,-25.1975764997
7,-230.249020876,231.288378246,-24.9711925013
7,-239.609841488,233.518727881,-24.7293824302
7,-248.224649262,233.990436399,-25.5136132392
7,-255.219101002,236.72125222,-22.1219606117
7,-263.776757507,239.286494705,-20.4092748069
7,-269.996363849,242.512613833,-15.8756286832
8,153.940842374,257.979865899,147.21568687
8,149.866288068,254.486771308,141.251085134
8,146.197372953,251.515059725,135.106220348
8,141.89240452,248.508853506,129.34246026
8,136.907581844,245.458283034,124.05507471
8,131.771863898,242.649934888,119.078953775
8,126.13750803,239.418019161,113.916869719
8,119.986918263,236.013581494,108.911467542
8,113.433718483,232.212142306,103.618575361
8,106.637574273,228.652028476,98.7179570778
8,99.5866465038,224.977250214,93.7392430563
8,92.5249501784,221.499212794,88.7968383446
8,85.0458783371,218.026057536,84.1930443789
8,77.4633783455,214.688524718,79.6361010693
8,69.5973333369,211.471370824,75.2735429764
8,61.584157232,208.44317882,70.9797742262
8,53.4337854448,205.628139761,66.8137386295
8,45.2421014046,202.672507294,62.4172415044
8,36.7823178875,199.94342332,58.5698440974
8,28.3053234053,197.220819521,54.6205752704
8,19.6856705366,194.662208715,51.0116261281
8,11.0792598183,192.087075192,47.1944025838
8,2.2272261819,189.700143015,43.8613488197
8,-6.74174895658,187.312100616,40.4528323751
8,-15.8554863653,184.955839383,37.0236142847
8,-24.9967867412,182.451709144,33.3709214236
8,-34.2702473225,180.07924833,30.0489775467
8,-51.2277515052,176.286540427,25.1915660938
8,-65.1578493011,173.329244795,21.1526276069
8,-77.3191062159,170.973252103,18.0710278501
8,-88.4270736199,169.029874727,15.3761361565
8,-98.8878021144,167.436026698,13.258117302
8,-108.971322284,165.973637874,11.0185759192
8,-118.815894519,164.867532023,9.32060235183
8,-128.535876492,163.991747242,7.8768436551
8,-138.298257011,163.449027659,6.64974811252
8,-147.97779264,163.081618216,5.85107808357
8,-157.767313036,162.827392707,4.94076023764
8,-167.702330346,162.872680782,4.3695009446
8,-177.660912837,163.007215433,4.03974367877
8,-187.637014924,163.326734925,4.04003819779
8,-198.032012644,163.97744642,4.07540743677
8,-208.174834469,164.669159608,4.52240972455
8,-219.08249906,165.759289106,4.84225769766
8,-229.517159137,167.139999231,6.13500118273
8,-237.828446135,169.365809852,10.4912462272
8,-244.942720577,172.257404386,16.6511748778
8,-252.207800961,174.992202051,22.366918848
9,165.726634789,291.330260411,144.6510966
9,162.537636298,292.225055586,140.516508655
9,159.398347855,293.061559229,136.72241302
9,154.507735323,293.308088389,134.810786668
9,151.524292266,293.600033581,130.413486484
9,148.40860429,294.62319845,126.781052431
9,144.01970346,294.56179661,123.239624407
9,139.866493108,294.51252691,118.9122778
9,135.001257596,294.411044016,115.298361096
9,129.988872953,294.280128899,111.415198286
9,124.161802363,294.273775261,108.554690815
9,119.028083337,294.659251051,104.557456487
9,113.157473584,295.027207992,101.491717805
9,107.493398171,295.025855343,97.220478318
9,101.455155065,294.729654683,92.9066294485
9,95.3487729038,294.675425352,88.4168732358
9,88.2873061149,294.008435476,84.721216597
9,81.5354558448,293.520937795,79.8662407647
9,74.4872811841,293.413005293,75.2948734935
9,67.0628887064,293.049103137,70.7757449376
9,59.462834252,292.667487374,65.9780458731
9,51.5057321639,292.49481924,61.5729587055
9,43.4323596783,292.175340418,56.8099701699
9,35.0840611582,291.391283526,51.9107268252
9,26.2194244348,290.658338129,48.3013483695
9,17.588672492,289.993758752,43.0961239531
9,8.57885723968,289.153658102,38.8491520419
9,-0.532865103284,288.053358479,33.9504647062
9,-10.034387216,287.012536684,29.9010539343
9,-19.654040409,285.7389899,25.4727750073
9,-29.4502999894,284.219734959,21.2833699778
9,-39.4364579087,282.706537492,17.8032654879
9,-49.3395607793,280.81474958,13.7535194202
9,-59.3673682156,278.948562789,10.2479912986
9,-69.5722525609,277.469552891,7.22559651802
9,-79.7129460863,275.649616579,4.0306917501
9,-89.8350341306,273.721737725,1.32953284632
9,-99.8918646935,271.614637795,-1.22219882115
9,-109.927310061,269.647093552,-2.68744166061
9,-119.926900277,267.402640714,-5.62028061499
9,-129.810116375,265.14244503,-8.06286058374
9,-139.383983629,262.669267267,-10.1301479141
9,-148.90614376,260.149043932,-12.5056791725
9,-158.649275323,258.796961696,-13.4368249413
9,-168.342347224,256.943188623,-15.1190942788
9,-178.711530637,255.971818657,-16.6953499153
9,-187.785997287,253.915571388,-17.796332559
9,-195.47315408,250.506017994,-18.7155331598
9,-204.547479512,248.933956349,-19.5985383764
9,-213.671083798,247.966586717,-19.967225605
9,-222.422515452,247.178979333,-19.7725688132
9,-231.180401397,246.273501148,-19.9991604241
9,-239.89549786,246.057561635,-19.6094086238
9,-247.824870428,245.645491185,-18.7115460357
9,-254.310903704,245.236071434,-16.234109252
9,-260.532597025,245.374013139,-13.0436976677
9,-266.362938878,245.766494771,-9.38802048826
9,-270.550216093,246.446162031,-3.2863408798
10,122.682780851,226.647682228,169.088328675
10,130.117563924,232.685025713,171.656436742
10,135.981399207,237.853856339,173.973384306
10,141.865661786,242.682132462,175.571488161
10,147.706236102,246.449413371,175.717900835
10,152.70286385,250.275268932,176.52747034
10,156.7017423,252.474854507,176.140047107
10,160.860231368,256.097975464,177.194193182
10,164.745050608,259.346676462,177.940893237
10,168.816144252,262.534247609,178.360823249
10,169.515628656,304.72587232,153.929956036
10,166.631544761,303.705281942,150.916461812
10,163.8788268,303.031447012,147.757016686
10,161.027082144,302.559065509,144.687524819
10,158.636052658,302.63005704,141.245029869
10,155.657865461,302.035485579,137.275456752
10,152.056097537,300.815293458,132.989995881
10,147.263946847,299.6997528,129.885457075
10,142.636454523,298.214866694,125.529763193
10,138.129473741,297.413352443,121.193397094
10,133.184628874,296.679366823,117.038961234
10,127.980460092,295.909944306,112.396535826
10,122.295016221,295.168123858,108.175312882
10,115.649827667,294.259220072,104.861482358
10,109.78137463,293.802906885,100.238609819
10,103.577929233,293.292289002,95.7303247663
10,96.9940934355,292.343334293,90.9677957281
10,90.1275489758,291.317521121,86.3581441407
10,82.9634283076,290.473235881,82.0575304397
10,75.8243694571,289.969816287,77.5129169113
10,68.3325573113,289.115985099,72.9365225789
10,60.620371539,288.46601676,68.3649930377
10,52.7336843422,287.768035341,63.7170840931
10,44.5746829031,287.160408673,59.1526647157
10,36.2687231273,286.181015604,54.3256893749
10,27.6513421012,285.258341879,49.6305084464
10,18.8339717857,284.531003918,44.7976843639
10,9.81806064868,283.584000493,40.0302128948
10,0.542733577482,282.342912287,35.7733517423
10,-8.9005486005,281.624027988,31.1639191932
10,-18.5336240177,280.507533337,26.9165724269
10,-28.3270564015,279.367490087,22.5456730499
10,-38.3219457492,278.266357421,18.3953817312
10,-48.4440168657,277.361247284,14.8356706121
10,-58.5621025758,276.332474918,11.7757299378
10,-68.6705165865,275.521972047,8.23059988232
10,-78.70466627,274.762618349,5.47440987199
10,-88.7109167301,274.135755609,2.59047705558
10,-98.5644611957,273.515513709,-0.181692705259
10,-108.442309341,273.499537795,-2.52755079456
10,-117.999201315,273.624201807,-4.61796422198
10,-127.343742338,274.003260155,-6.82725765037
10,-136.460398315,274.788572624,-8.40314215318
10,-145.260955556,275.623363075,-9.87706579312
10,-153.88445751,276.555958692,-11.5824478837
10,-161.750890205,278.30471291,-10.3191454045
10,-169.967943816,280.445863781,-10.1361716948
10,-177.811797628,282.724890811,-9.40060716889
10,-185.839497639,284.995758807,-9.66856365516
10,-193.73426242,287.441517138,-9.75591547892
10,-207.976971335,295.892480252,-13.8332913325
10,-213.689326735,296.638249705,-13.0523887147
10,-219.564500763,297.757829443,-12.4831023429
10,-225.451372099,298.793828993,-12.6435086617
10,-225.816664199,292.493463711,-14.8586213531
10,-234.096670439,297.88489728,-13.3610532291
10,-241.45579643,302.787084359,-11.3127986852
10,-248.788434946,307.761135153,-9.56285006769
10,-254.395789152,310.89758303,-7.51564633593
10,-260.249993391,313.230284442,-6.70646994191
10,-265.237442389,316.370833328,-3.91400995533
10,-268.975034818,320.252927163,1.24850351411
10,-275.906349756,324.25363068,2.13764558389
10,-279.184019974,328.070263283,7.11048346722
10,-283.38217246,332.46467991,11.1739470619
10,-285.150733566,333.888728721,15.0028990598
11,-28.6676123404,151.737001217,159.351704326
11,-18.1423810194,153.870165572,162.272336642
11,-9.71188242822,153.253963551,160.426903658
11,-1.57639911872,152.078547192,158.473015442
11,119.384800395,216.386472025,163.111247789
11,126.850755098,222.727563018,163.943555642
11,134.466379326,230.42911587,165.740035288
11,141.057995129,237.456994078,167.239272481
11,147.412122962,245.03291574,169.205504574
11,153.678980593,252.709404555,170.908637622
11,159.150944877,260.20632616,172.984255772
11,163.759312349,267.23576719,174.985478143
11,143.185048866,359.794236716,155.38128887
11,139.125293266,359.971721113,151.221600093
11,134.769093068,359.691831379,146.872156665
11,130.258267052,359.459323654,142.416371728
11,125.44509654,358.717139232,137.803955815
11,120.287659639,357.934554978,133.566639008
11,115.394752751,357.453290065,128.824435825
11,110.206656108,356.640294133,124.005095201
11,104.964415667,355.770369379,118.898849591
11,98.676742616,353.909300262,114.979211343
11,92.8212321158,351.83278116,109.428497796
11,86.6780078324,349.561385782,104.344364954
11,80.0283313141,347.04792887,100.165928663
11,73.2225593543,344.314010366,95.8489394825
11,66.5809204049,341.548864316,90.5376358604
11,59.8311978886,338.995632896,85.0967372673
11,52.8444492399,336.323832581,79.9672912231
11,45.5361388726,333.044014493,74.8164512946
11,37.965100934,329.379738591,69.8406430328
11,30.154833106,325.960788913,65.2997901882
11,22.2598244897,322.503574641,60.3580463915
11,14.0110944034,318.924002845,56.3370680731
11,5.58037897982,315.121277226,52.3687493068
11,-2.91147140716,311.205746069,48.0512322189
11,-11.5116595471,307.197331293,43.6289504524
11,-20.3772309362,303.113279604,39.843800428
11,-29.3510282146,299.032263258,36.5141019856
11,-38.3524814885,294.60006761,33.1042015578
11,-47.4092174643,290.160467662,29.7374991353
11,-56.4915025504,285.384800814,26.352665296
11,-65.694713023,280.49536984,23.529705149
11,-74.9604556509,275.456533835,20.7951867489
11,-84.2196108993,270.127267921,17.963003799
11,-93.4969879862,264.712540043,15.7966571813
11,-102.683619243,259.063130799,13.5433905745
11,-111.930259772,253.61539308,11.2973724244
11,-121.10383234,248.366894942,9.60783719456
11,-130.155454181,243.260046115,7.96132310928
11,-145.72740559,235.61784713,6.33506084894
11,-158.87437383,228.951457732,3.47290001303
11,-170.278865662,223.745828042,2.90805268978
11,-180.651148543,219.357879484,2.71782733673
11,-190.520562105,215.716746313,2.74334143069
11,-199.844412318,212.604313203,3.20747441584
11,-208.551167926,209.689256273,3.75995004884
11,-217.387084466,207.702963089,4.82828496105
11,-226.456097809,206.079867586,5.19692670919
11,-235.047403434,204.602922177,5.91951504789
11,-243.137915651,203.728967199,7.63624378965
11,-252.615259716,203.591181885,8.35524532758
11,-259.956885515,203.816194356,11.8451593349
11,-269.284659456,205.20181686,14.4555843286
11,-273.750628586,206.350433935,21.5192860252
12,139.815381318,298.057695007,148.026962802
12,136.242058291,295.437962551,143.291278434
12,132.807804564,292.976023396,138.152157382
12,129.076435641,290.251330391,132.81410052
12,125.382238709,287.783860753,127.48584472
12,121.337448929,285.261802532,122.208286596
12,116.362312894,282.194976447,117.693804263
12,111.153998172,279.213537593,113.360768283
12,105.959257114,276.510749551,108.945894112
12,101.272746557,274.142461455,103.728282657
12,96.1763690774,271.47086384,98.6497096627
12,90.8216760472,268.781428359,93.7606898887
12,85.367187005,266.238793872,88.9134376426
12,79.7123300739,263.725800821,84.0990948352
12,74.0618842769,261.555306142,79.171999848
12,68.2634125125,259.456159278,74.2586609407
12,61.9903060016,257.391195634,70.0114125918
12,55.6382739265,255.584743468,65.6643510401
12,49.0769100318,253.931661907,61.3318984269
12,42.3366227709,252.443688064,56.8468435913
12,35.3684855013,251.276140328,52.4158171977
12,28.1513552634,249.905857769,47.9669892716
12,20.8618923088,248.399932927,43.1271773887
12,13.354552801,247.4077108,38.674614418
12,5.57932795759,246.655371961,34.8185488017
12,-2.22039098976,246.218548367,30.775928548
12,-10.2308215822,245.889854427,27.1135907581
12,-18.3017968684,245.576411864,23.1597089454
12,-26.5613495067,245.145504113,19.3745670365
12,-35.0097513896,244.941147719,15.621504629
12,-43.607580036,244.782392579,12.2872593131
12,-52.227847722,244.624593943,8.78077561044
12,-61.0494570688,244.95208594,5.75009163018
12,-69.7220661909,245.129186018,2.26851339831
12,-78.4669883661,245.458467719,-0.588805873721
12,-87.389425829,246.31018604,-2.24499913197
12,-96.06111928,246.914789031,-4.94401731023
12,-104.732718574,247.606239047,-7.16265402434
12,-113.377986341,248.343243582,-9.18769516631
12,-122.006512663,249.282925822,-10.8384877024
12,-130.59795616,250.423798301,-11.829207445
12,-138.73962952,251.10988031,-13.6062515042
12,-146.684522934,251.473253008,-15.5768235176
12,-154.954981004,252.512280371,-17.452264456
12,-164.493822455,255.75940366,-21.2136717976
12,-172.226846091,256.446774859,-21.0894397291
12,-181.541066167,258.517294215,-23.6826920839
12,-189.289718486,259.621986628,-23.0260586469
12,-196.486044086,260.08249125,-23.0488700507
12,-203.518501834,260.421666164,-23.265731375
12,-209.775508167,260.128993763,-23.1163619982
12,-217.226551255,261.624312018,-22.4471083032
12,-224.473809854,263.003085455,-21.9461288563
12,-231.729747758,264.488054615,-21.5659187153
12,-238.089935615,265.831473836,-19.6341274896
12,-245.624538337,267.913743771,-18.8744162964
12,-252.30147834,268.969181831,-17.9780383219
12,-257.546870685,269.745917721,-14.6055607069
12,-263.787409597,271.863509697,-10.6429575457
12,-268.840372029,273.530702788,-5.07789631818
13,101.383509751,265.762211971,157.941421839
13,103.142697851,270.470266891,161.378640599
13,105.213111486,274.754301192,161.531607553
13,106.932412403,279.096951977,162.117288309
13,108.497044339,283.68739948,162.746282398
13,109.506256832,288.752785135,165.457472624
13,111.071890097,293.541121531,165.204096448
13,112.127452978,298.220251568,165.519779401
13,112.803526874,302.99096477,166.20229645
13,113.531914847,307.922133678,166.597989711
13,109.380010236,310.113581891,173.230905057
13,110.91640569,315.380369077,171.978827183
13,111.492306263,319.818299404,171.761494312
13,112.025610675,324.431673238,171.628703329
13,112.28046861,328.62288361,171.283120266
13,112.127772905,332.498885261,171.584263011
13,111.873395078,336.467922694,172.130057677
13,111.732980691,340.118285341,172.01385391
13,111.220493757,343.228964931,172.134243222
13,110.754864841,346.012709717,171.831118373
13,110.297789872,349.164208377,172.058459824
13,109.598110907,351.459428007,171.690450218
13,108.93524713,353.912408894,171.621364275
13,107.842437608,356.028966718,172.143231902
13,107.266207538,358.116128445,171.346787077
13,106.574474833,360.569695861,171.321282336
13,105.570230685,361.622858767,170.531264236
13,105.008886729,363.655063534,169.742700715
13,104.38632763,365.036287415,168.29661902
13,103.518183537,366.210145721,167.140165543
13,102.588242873,366.790994821,165.835304767
13,102.183740627,367.886466045,164.23919731
13,100.918313536,367.587524696,163.633158914
13,100.010738805,367.432198376,162.837723095
13,99.5300660107,366.958954265,161.335126907
13,99.6769252357,366.815399035,159.198716354
13,99.7478894347,366.466277211,157.521085213
13,99.9031334367,365.578810723,155.60336977
13,100.02481925,363.797688651,153.400452688
13,100.096727995,362.111977665,151.978978807
13,100.171766587,359.608647262,150.181277948
13,101.049424919,357.177040272,147.270977786
13,101.745464061,354.343569477,144.530471118
13,102.480850272,351.532436544,141.604828885
13,102.858335882,348.060644568,138.684012605
13,103.178500063,344.752498625,135.964946588
13,102.585390426,340.406170853,133.72742405
13,102.610021173,336.583906913,130.69937803
13,102.408387441,332.333899513,127.368285594
13,101.750833242,328.33944457,124.874730886
13,101.08933124,323.410800154,121.128671295
13,99.8171075922,318.234429292,117.845853352
13,98.2854528669,313.09682548,114.48102809
13,96.628381372,308.121382456,110.798025094
13,94.3310920886,303.013934034,107.271069022
13,90.9866018793,297.42904375,104.284550364
13,88.0750841031,292.495308888,100.307837958
13,84.8727589836,287.697242527,96.2927944785
13,80.9188189066,282.71636273,92.8100235186
13,76.7008119208,277.560930789,89.1016635814
13,72.4766128818,272.971997321,85.3574899761
13,67.9868692096,268.324964138,81.6352579291
13,62.999718425,263.65357826,78.2269799784
13,57.6619545899,259.179647537,75.0321343026
13,52.2634245116,254.843964813,71.2627734653
13,46.4987838785,250.695145846,67.5807430728
13,40.4857006459,246.681014564,63.967103836
13,34.1361981251,242.771368176,60.6342982111
13,27.7797805841,239.156393339,57.2217551038
13,21.3053898728,235.325720701,53.7024003254
13,14.6615101781,231.559658006,50.3504454438
13,7.87006349256,227.97053192,47.0187441562
13,0.698838194482,224.164900679,44.0206571315
13,-6.57554428234,220.742158719,40.5653517941
13,-14.0844812037,217.447212019,37.1904801652
13,-21.7514392006,214.468405249,33.8597567368
13,-29.5045687919,211.940996563,30.6343284008
13,-37.3137404165,209.831077586,27.7033412554
13,-45.17928508,208.220335838,25.0827201222
13,-52.9663413757,206.896502913,22.3786136075
13,-60.8417645821,205.999635401,20.1507934117
13,-68.7035674515,205.359882132,17.7881218608
13,-76.5605712455,205.032459392,15.5146406167
13,-84.3727098438,204.937085502,13.5381562068
13,-92.1493450627,205.13302715,11.6147233863
13,-99.8680491122,205.525171915,9.6591437453
13,-107.495141523,206.076059478,7.69938962702
13,-115.051484672,206.922492344,5.92983133651
13,-122.494903968,208.017937044,4.3564769645
13,-129.805222084,209.372503423,2.94288434545
13,-136.955044362,211.018972908,1.53234269589
13,-143.94717901,212.983863828,0.342433487029
13,-150.703378303,215.017873681,-1.23733833862
13,-157.348685338,217.480481841,-2.38700851509
13,-163.584014725,220.062514612,-2.6908849706
13,-169.677432995,222.846055503,-3.11120206459
13,-175.375353371,225.582346914,-3.46207467742
13,-181.049755335,228.713592994,-3.83587373087
13,-186.424726251,231.946315623,-4.1900189255
13,-191.541107489,235.150114176,-5.03146450788
13,-199.256321281,241.441512925,-7.27068260084
13,-205.306040145,246.944533298,-8.75412238234
13,-210.712384803,252.603516427,-9.87890170651
13,-214.941032604,257.688671555,-10.6523665504
13,-218.066030954,261.819897944,-12.0124243067
13,-221.41809568,267.445014092,-10.832998537
13,-223.993120367,272.350794654,-10.0953357308
13,-226.424647505,277.194810283,-9.53871987394
13,-228.79814439,281.995406887,-9.26611331233
13,-230.807404735,285.669034929,-10.5841829706
13,-233.450121934,290.435319088,-10.7347807139
13,-235.966156051,295.04968043,-10.3526949376
13,-237.64566304,297.127667703,-12.6503735678
14,122.182451736,336.540444474,213.816247415
14,121.733816069,334.031229415,211.252913497
14,122.220038327,332.175293612,208.293736759
14,121.328876418,328.396997348,204.759384073
14,120.795581865,326.423434494,202.813926509
14,119.557102392,323.566623515,200.765622914
14,118.55791177,320.954190123,198.802209534
14,117.841776803,318.178633763,196.243119066
14,116.790506232,314.393824889,193.035525705
14,115.930866457,311.238906007,190.271369652
14,115.261521592,307.718334325,186.949092704
14,113.802569866,304.036992695,184.375797116
14,111.986683754,299.921825735,181.805759624
14,110.593396861,295.853839499,178.832716818
14,108.666192381,291.503103922,176.306514684
14,107.225423274,287.404838344,173.488861882
14,105.826900404,283.137646206,170.472541084
14,104.336207434,279.17921508,167.827352175
14,102.423899896,275.012299019,165.392198802
14,100.718830022,271.456689385,163.09808039
14,98.4025575045,267.388821288,160.733772212
14,95.8394692285,263.525650098,158.337726896
14,92.7278686146,259.655506035,156.142887951
14,89.0225250991,256.113481446,154.654481813
14,85.8002005854,252.797770217,152.038781444
14,82.9451642313,249.919323754,148.725542116
14,79.554688997,247.470037057,146.008801858
14,76.075296635,244.866117906,142.734679557
14,72.1429596127,242.454051103,139.818867532
14,67.4656998133,240.197501028,137.821088134
14,63.0689039548,237.799220491,134.280427316
14,58.4269780307,235.471159066,130.305679392
14,53.3236713465,233.160809667,126.271048007
14,47.9648161727,231.569453669,122.400982031
14,42.050537226,230.170487041,118.883116118
14,36.2577228669,229.235347933,114.394410383
14,30.1262407015,228.525852389,109.911961703
14,23.735252603,228.098578825,105.410330071
14,16.9695713868,228.041238924,101.568469852
14,10.1542444898,228.427097244,97.2965696464
14,3.10722748002,228.858909305,93.090305651
14,-4.04822608828,229.76513093,88.8653046846
14,-11.4228097231,230.84894756,84.8557722325
14,-18.9403916439,232.080245517,80.7440525229
14,-26.5113507281,233.567423427,76.097791727
14,-34.2808519363,235.435265823,72.2872356892
14,-42.1542251269,237.454533173,68.3989056871
14,-50.0668607043,239.498998391,64.9221932009
14,-58.0193308594,241.721760349,61.1344907893
14,-65.9618151313,244.003726843,57.5115215816
14,-73.8900163699,246.537568631,54.1108505656
14,-81.7130170212,249.08878377,50.9339476208
14,-89.4412070446,251.69893991,47.6842201231
14,-97.0039067002,254.325687212,44.9511026289
14,-104.517666918,257.195186176,42.560777202
14,-111.935332915,260.098852193,39.5768974012
14,-119.139526492,262.877339273,36.9852514082
14,-126.289569493,265.70927806,34.2533087869
14,-133.436796265,268.659070478,31.8908373504
14,-140.54379791,271.752730118,29.4958629917
14,-147.521254024,274.570911453,26.8784373587
14,-154.177830305,277.1316307,24.3990025314
14,-160.681923699,279.833247541,22.4185413216
14,-167.059059893,282.485070736,20.1750582387
14,-173.296635884,285.211762366,18.1563501884
14,-179.545125217,288.338290866,16.4045083894
14,-185.575578309,291.455129927,14.8808304057
14,-191.45359264,294.7346353,13.7991179977
14,-197.248765404,297.785414852,12.5758748044
14,-203.100896005,301.102721259,11.7707726142
14,-208.745184652,304.202196014,11.2850061783
14,-214.454694289,307.163663245,10.4811943155
14,-219.932881352,309.917056208,10.0907629733
14,-225.373951654,312.669353723,9.88593292154
14,-230.597384266,315.540483095,10.3455244501
14,-236.153179984,318.391255637,10.2464352341
14,-241.557777037,321.156120092,10.3682323839
14,-247.373112184,324.144251968,10.3524689565
14,-253.127391775,327.213565115,10.6831076405
14,-258.134528514,329.471341754,11.3273520997
14,-262.278198415,331.655381829,13.5707490518
14,-266.280708358,333.689231418,15.9722992766
14,-269.696351534,336.18470334,20.0423041717
14,-269.333411545,330.628367906,23.808527285
15,131.799919456,342.00453721,152.655755553
15,126.783516636,341.116688017,147.954265212
15,121.69032481,340.035443284,142.600255978
15,112.485014052,338.616873858,134.65673468
15,104.484815599,337.44473185,127.30749042
15,96.6570198662,335.766480981,120.972960097
15,89.3110077518,334.285722171,114.990102712
15,82.2853371932,333.275249897,109.423246073
15,75.3515287228,332.227931933,103.872074699
15,68.197970575,331.35701653,98.8661083535
15,60.8578999594,330.272320767,93.927437352
15,53.5082341847,329.284240178,88.9092020274
15,45.8889535259,327.823868027,84.01902572
15,38.2333628616,326.157140849,78.9234597193
15,30.4137994016,324.462536279,74.1119482303
15,22.4207752661,322.78384286,69.5460161696
15,14.3288835582,321.498013506,65.017904303
15,6.10722338474,320.144619794,60.8105553682
15,-2.16210321229,318.549969789,56.4858663456
15,-10.5284816495,316.976155593,52.1196929338
15,-19.0249321823,315.439724247,48.0915846672
15,-27.6080318299,313.63569306,44.1128670354
15,-36.2982939063,311.93505451,40.0464581693
15,-45.1075619469,310.264373278,36.2838771622
15,-53.9471782721,308.537189804,32.536726174
15,-62.8374085377,306.729990029,29.4143892476
15,-71.6417204458,304.91947043,25.9429970384
15,-80.5070581573,303.414062026,22.3036991156
15,-89.3889021313,302.026971686,19.4798933709
15,-98.1684517607,300.365764274,16.6378176186
15,-106.902759032,298.716503904,14.4700098062
15,-115.795225814,297.516072885,12.4534871563
15,-124.773581473,296.287755323,10.3571611963
15,-133.951356222,295.296301839,7.9917787075
15,-143.139352453,294.273284965,5.57297232674
15,-152.356654181,293.460614272,3.67811439632
15,-161.545013275,292.809664897,2.32817065509
15,-170.594582858,292.114484012,1.2682405135
15,-179.961671528,291.984994804,0.305788952565
15,-189.317174287,291.873559211,-0.572389109552
15,-198.700781128,292.238562682,-0.668204314995
15,-207.924688104,292.268595784,-0.904929200463
15,-217.322301495,292.605243475,-0.934327026167
15,-226.496640494,293.047676629,-0.441671866119
15,-235.752903121,294.131530853,0.46299522108
15,-245.60360156,296.129430196,1.37504251793
15,-255.454585373,298.49830502,2.43035378665
15,-263.258444035,299.780268288,4.65678983718
15,-270.57905386,302.540582303,9.19392664268
15,-275.185734921,303.042903689,14.2172868928
15,-283.783736873,307.004627263,18.2549105359
16,121.56064219,335.287439578,177.356800478
16,117.254741236,335.530043061,172.69269092
16,112.763282003,335.577988051,167.68735727
16,107.65882868,335.449627912,163.227405081
16,103.559172273,336.128696043,157.390011285
16,98.2514061982,336.103836354,152.732364655
16,92.8682308302,336.180311999,148.047171548
16,87.28296971,336.025703221,143.105543957
16,81.4868079646,335.917637857,138.225760603
16,75.5632382319,335.656061311,133.121511172
16,69.4348454932,335.525889186,128.110872724
16,63.500918612,335.565988302,122.226983105
16,56.8014167072,335.513641314,117.659104527
16,50.3366664178,335.396830447,111.855438165
16,43.6398999232,334.911607112,105.762483347
16,36.5738860129,334.391087402,100.29893965
16,29.3052460198,333.504289847,94.5722977122
16,21.7586120316,332.815222907,89.6594751934
16,14.1965410116,332.148196484,84.1958192876
16,6.25731083438,331.359297825,79.567478322
16,-1.88175421783,330.191869227,74.9341874446
16,-10.12820574,329.230747204,69.8757097053
16,-18.5448421201,328.016438562,64.7737141854
16,-27.2066735619,327.069774167,59.8922830764
16,-35.9869206768,325.627376061,55.5979791697
16,-44.8369304596,323.905224955,51.2324957003
16,-53.8183653498,322.456905649,46.9260080755
16,-62.8236111281,320.800572703,42.1660198924
16,-71.8330131255,318.899744355,37.8873692054
16,-80.9794507434,317.295330187,33.8938712268
16,-90.1379225769,315.678538533,30.2640369263
16,-99.4331212318,314.302280688,27.1433421083
16,-108.672674468,312.40292362,23.6338951963
16,-118.177277696,310.817692242,20.1572635961
16,-127.664251582,309.29023701,17.5031920699
16,-137.304376159,307.983981485,15.190475792
16,-146.900467634,306.522028724,13.0379116978
16,-156.672590928,305.27221285,10.9435093687
16,-166.402858831,304.046349727,9.29561658201
16,-176.287931588,303.278124316,8.19612868694
16,-186.556323679,302.861994888,6.91969757686
16,-196.414586602,301.98646783,6.14911293191
16,-206.114177426,301.158597763,5.79630295543
16,-216.220548013,300.881526267,5.65956066921
16,-226.010861268,300.183345544,5.58825537786
16,-235.897703901,300.020443704,6.10301240965
16,-244.975759553,299.543622765,7.48767564921
16,-256.475350953,300.058067475,6.99983640438
16,-263.868202964,299.257192928,10.2979243802
16,-270.050472657,299.129220899,15.835672505
17,124.235364518,309.043057998,187.255227339
17,121.008581325,307.373469883,182.319846446
17,117.986171631,305.55012526,176.745029567
17,115.020637218,304.217394655,171.541872039
17,111.186699207,302.399290977,167.11764781
17,107.552908386,300.547522652,162.218292375
17,103.899636203,298.707679286,157.20868818
17,100.184937626,296.578251368,151.912632455
17,96.0788554747,294.384836217,147.032019401
17,91.3991921071,291.558523269,142.125284323
17,86.707046804,289.373765837,137.519019424
17,82.1228310295,287.368902983,132.561555358
17,76.8798444221,285.425802838,128.644163514
17,72.0256841825,283.564263897,123.62591778
17,67.0319316624,281.860572892,118.73406765
17,61.6519375013,279.842607401,113.962903194
17,56.3011528012,278.215050008,109.120113833
17,50.7180906393,276.319742071,104.024960083
17,44.8412886082,274.335785884,99.2103027033
17,38.8452822015,272.397683586,94.3347484818
17,32.6655581677,270.235381974,89.6853853118
17,26.4470107162,267.808168955,84.8390507809
17,20.0268652155,265.420955861,80.4827687722
17,13.5305579715,263.355419275,76.1603811844
17,7.08345927683,261.029935732,71.1974177784
17,0.392461818596,258.855548245,66.6761126832
17,-6.45077233115,256.392421597,62.0829462553
17,-13.6048583646,254.254820179,57.9359330264
17,-20.9593412908,252.354374142,53.9649875931
17,-28.3126351547,250.506356443,49.878398723
17,-35.7172038602,248.989404793,45.7979184594
17,-43.243436412,247.840884061,41.9663956685
17,-50.857815412,246.875962762,37.479596898
17,-58.6375257181,246.229924135,34.160678265
17,-66.513769426,245.817285696,30.4176497389
17,-74.5172889219,245.621703255,27.0136815463
17,-82.673459066,245.788219363,24.0708571126
17,-90.9006550614,246.103926072,20.6171918374
17,-99.2833487087,246.881887538,17.5094411364
17,-107.763618421,247.976117881,14.7700539458
17,-116.354055246,249.433003268,12.7109617969
17,-125.148004569,251.328131767,10.7567669631
17,-134.094020001,253.45442585,8.94651049407
17,-143.115375058,255.697874755,7.13344163578
17,-152.139640517,258.097020371,5.54375228875
17,-161.116116649,260.665163507,4.07191556472
17,-169.930152528,263.459367462,3.14863309789
17,-178.778136951,266.658962256,2.5573629506
17,-187.202661537,269.635231249,2.24217344838
17,-195.662939493,272.50794693,1.36381192857
17,-203.763984615,275.358266897,1.13462034764
17,-211.70094483,278.128412285,1.19073783548
17,-219.855388868,281.02797173,1.08970121212
17,-227.600546668,283.865101246,1.7717912077
17,-235.183151914,286.537769358,2.63353575228
17,-243.680576635,290.518066907,3.8902033288
17,-251.583683864,293.898813388,5.10024012587
17,-260.226387412,298.155707177,6.49719027579
17,-268.053261714,302.233790519,8.62996811898
17,-278.979078568,309.080872848,9.98243457146
17,-281.697043195,310.236140463,14.8603109894
17,-279.669511923,304.986945577,22.2287848684
18,54.2405140363,207.129469987,209.791735549
18,73.5188960421,362.792736936,164.840348581
18,70.4696208684,361.518112333,161.171169754
18,67.4559118938,360.683186238,157.566217527
18,64.4307735153,359.457074379,153.543257459
18,61.3671029812,358.509330288,149.580321444
18,58.1288756913,357.248803192,145.688202267
18,54.6191497956,355.852522708,141.959337832
18,51.0609111234,354.057408748,137.82450778
18,47.2954221377,352.303977793,134.04835696
18,43.4366187661,350.531719658,130.238808128
18,39.4760549389,348.31868739,126.153347379
18,35.51184342,346.467327074,122.181923956
18,28.3833648958,343.183597179,116.128636787
18,22.1630630753,340.058478701,109.996120714
18,16.239367134,337.589993392,105.39076828
18,10.706293529,334.977727884,100.632449716
18,5.32837623326,332.432381863,96.1953622545
18,-0.053695123761,329.83007801,92.5424333429
18,-5.35878672704,327.060189401,88.8615835225
18,-10.6688572488,324.570355061,85.0024924655
18,-16.0306894375,322.07136338,81.3747397938
18,-21.5186075774,319.292825592,78.2356682532
18,-27.0518502953,316.564082818,74.6033217046
18,-32.7292157074,313.619917376,71.7725268414
18,-38.402827204,310.557305164,68.4103760208
18,-44.1823719093,307.658431815,65.6647371654
18,-50.0407123563,304.788690981,62.8350326825
18,-55.8272056774,301.477069703,59.5393125321
18,-61.6336810875,298.252261081,56.6120066602
18,-67.5194244494,295.112767044,54.1112879392
18,-73.3686852798,291.55839778,51.0718956656
18,-79.3024673268,288.362567361,48.6126142076
18,-85.2830319157,284.881728697,46.1569712894
18,-91.3830286351,281.334183462,43.8400932586
18,-97.6408419848,277.609256697,41.2635573883
18,-103.969069824,274.064134203,39.64488838
18,-110.5979669,270.428029665,37.5398804183
18,-117.329631216,266.648466153,35.5992043156
18,-124.232996503,262.763961774,33.7464380872
18,-131.503803496,259.266321659,32.064146099
18,-138.952588022,255.63567769,30.2843764467
18,-146.437055517,252.044354071,28.9484131833
18,-154.202431236,248.650784095,27.7139611305
18,-162.035526711,245.368202681,26.77770462
18,-170.119503245,242.04333813,25.5546943275
18,-178.393047225,238.896363041,24.5763532718
18,-186.710082395,236.069507112,24.1774082794
18,-195.218765221,233.211450566,23.8319138978
18,-204.06254055,230.561464984,23.6597722081
19,107.918769645,334.280619765,176.560552008
19,105.57925754,333.423724558,175.56664751
19,101.854734385,332.503818665,176.726156884
19,101.412166688,330.822037365,171.747475089
19,100.505203401,329.570268608,167.895184039
19,99.4046358933,327.927762993,163.870944518
19,98.0980384775,326.311292613,160.064704781
19,96.5240618927,324.63820849,156.55663929
19,94.573473758,322.735064494,153.435162355
19,92.5676063427,320.51554945,150.128616554
19,90.4850502668,318.106984425,146.65923554
19,88.1851332907,315.662962523,143.254763245
19,85.5900283042,313.096772377,140.124621487
19,82.8190527914,310.637453054,136.989395709
19,80.058400341,308.074594424,133.347460064
19,76.9013059187,305.477729244,130.149723137
19,73.649213388,302.672607282,126.60970878
19,69.677127193,299.777940541,124.348099607
19,66.5159900817,297.447422642,120.649185341
19,62.9976385643,294.585638415,117.153971227
19,59.5313682608,292.532872182,113.95711116
19,55.8692414909,290.27996463,110.759907829
19,52.0313212196,287.842819066,107.483336857
19,48.1215536126,285.759695571,104.201059473
19,43.9953395323,283.5714884,100.727115072
19,39.6550596933,281.48097769,97.4182870252
19,35.0964833079,279.741397624,94.2559702701
19,30.3814821998,277.633446072,90.6436824731
19,25.4041464279,275.599136074,87.2420450828
19,20.2762117632,273.667188454,83.7898337165
19,14.894618514,271.751059028,80.6732648527
19,9.40134410728,269.864414334,77.6617311899
19,3.76156938747,267.859498197,74.676582096
19,-1.86124967784,266.144459763,71.536833224
19,-7.60339227655,264.362655696,68.5890785851
19,-13.4581704777,262.579995588,65.7281510198
19,-19.335582946,260.703422355,62.5570804517
19,-25.4286300656,258.904292973,59.7161739113
19,-31.6217484643,256.896404649,56.419141952
19,-38.0496205596,254.919839805,53.3075022932
19,-44.618591943,252.917068093,50.1665456442
19,-51.3151464142,250.908648362,46.9198989839
19,-58.1958994403,249.150803696,43.6237215113
19,-65.1476674989,247.540447127,40.7572822787
19,-72.1231288926,245.93624271,37.8264442909
19,-79.2359364823,244.643982624,35.0181719441
19,-86.4074645135,243.401822632,32.3537783839
19,-93.6726902359,242.123980879,29.5979669376
19,-101.19941147,241.202851129,27.1831722085
19,-108.773627928,240.012242085,24.6991776231
19,-116.636091789,239.142468718,22.5277177719
19,-124.734014108,238.411755514,20.5309086787
19,-132.970800078,237.70535179,18.3359331458
19,-141.323087986,237.206899879,16.3668249301
19,-149.600735275,236.797566828,14.6271282598
19,-158.074357017,236.872287603,13.1904341849
19,-166.597801784,236.93492862,11.4806332336
19,-175.225625099,237.320153104,10.3276698358
19,-183.84265894,237.603739214,9.2234856823
19,-192.575798618,238.070229433,8.45404672185
19,-201.400817717,238.602990393,7.79153919043
19,-210.223802192,239.430047854,7.74151392714
19,-219.174116021,240.462818626,8.02348441234
19,-228.133977112,241.410591142,8.26894754403
19,-236.562905861,242.477004678,9.4045107553
19,-244.929063925,243.866410297,11.194972465
19,-255.460951522,245.273392477,10.5995981809
19,-261.498531849,246.454377268,14.9465514292
20,145.720900903,285.162466939,147.65226408
20,140.797303405,284.387854057,142.139840878
20,135.659357054,283.489698613,136.557347141
20,130.249586723,282.509181482,130.870381289
20,124.432816364,281.597488203,125.694409127
20,118.45057289,280.571016693,120.319107757
20,111.770121861,279.515587075,115.859478312
20,105.6165047,278.828250193,110.247310863
20,99.2587856367,278.284713692,104.759632172
20,92.5193329794,277.163885744,99.0569914243
20,85.4710856291,276.20371448,93.9068767085
20,78.2729555119,275.466759981,88.9148893958
20,71.0395657263,275.242237727,84.0289158939
20,63.5667524205,275.063314893,79.3508423393
20,55.7781903805,274.917134633,74.8940314366
20,47.9012363526,274.859227165,70.0267149848
20,39.7561118409,274.895266906,65.6727466918
20,31.4900790282,274.824708457,61.1389349779
20,23.1278669693,274.938547266,56.6499703916
20,14.6137919291,275.278061954,52.6627301263
20,6.07533454708,275.447906176,48.3877174653
20,-2.53996671387,275.415083884,44.0334144777
20,-11.2625952236,275.59229042,40.0225814251
20,-20.1003426739,275.903401644,36.5507723157
20,-29.031714211,276.19151317,32.8166074833
20,-38.0488231506,276.199714071,29.5800359988
20,-47.1840981433,276.313153567,26.4619045856
20,-56.3221143785,276.159746968,23.1868905339
20,-65.5013163694,275.960554122,20.146072422
20,-74.7051538507,275.932957603,17.4964146961
20,-83.925619301,276.204712189,15.4034689918
20,-93.060204003,276.126107941,12.8942935473
20,-102.192462012,276.288462031,10.8910205388
20,-111.380083024,276.174379869,8.48120299119
20,-120.496174334,276.084506871,6.77221646316
20,-129.589118677,275.836837004,5.02562053102
20,-138.919618543,275.95993219,3.57382266839
20,-148.099420291,275.640208445,2.02580241841
20,-157.275736421,275.578870173,1.07829271254
20,-166.44184121,275.34998803,-0.10809714222
20,-175.75203802,275.646040699,-1.00709281416
20,-184.938890345,276.198548121,-1.42977917688
20,-193.752523398,276.656538257,-1.39683020791
20,-202.632953915,277.276400153,-1.38206284878
20,-211.208838524,277.95224123,-0.932829777545
20,-219.518201608,278.303998943,-0.554031419771
20,-228.398061067,279.685894311,0.307060023236
20,-236.126981057,280.749204468,2.26563474065
20,-244.964638707,282.28849187,3.47877011198
20,-251.808856748,282.461441105,5.45094691223
20,-259.043235018,284.039535253,8.6577730059
20,-263.911980065,284.6491495,13.4039920163
20,-269.071224998,285.163746861,17.69547136
21,159.101575704,278.558331233,176.555990875
21,153.995839781,277.165480489,172.3454054
21,149.204385941,275.274136451,166.984869815
21,144.569763484,273.980816142,161.842915005
21,140.024899694,272.647997817,156.316212515
21,132.10740071,270.489871531,153.741495576
21,127.295635321,267.947940908,146.920316339
21,122.102481867,265.658745853,140.730388436
21,116.33379743,263.074705135,134.74527299
21,110.138322354,260.358174097,129.02590289
21,103.654489788,257.80962246,123.69615562
21,97.1426204521,255.291539823,118.160044603
21,90.6707403171,252.993471559,112.466741454
21,83.7085753518,250.728118756,107.321338887
21,76.5283705042,248.692114844,102.583616196
21,69.4220101218,246.723982594,97.5058538382
21,62.108995562,244.871738024,92.8257933691
21,54.7782355707,242.800629942,87.82222636
21,47.3711547581,241.096613232,83.0995849556
21,39.7632202959,239.411235943,78.648772063
21,32.1353089543,238.02241996,74.2458271178
21,24.5502687461,236.502506359,69.3875656815
21,16.7501560743,235.196178003,64.9526396793
21,8.72829195545,234.115985792,61.1128966929
21,0.70329689247,233.222535169,56.9009591572
21,-7.37840898912,232.280424673,52.6890414691
21,-15.5990482389,231.408793962,49.0147889006
21,-23.8694399716,230.709761273,45.1888181354
21,-32.2517203495,229.881577083,41.6632715588
21,-40.7673733949,229.113993654,38.211347136
21,-49.4060265751,228.387618064,34.6495082226
21,-58.1718877622,227.834692526,32.0607115909
21,-67.0098462901,227.418391095,29.3580286628
21,-75.8783955248,227.032728852,26.6654771309
21,-84.7575945072,226.81654535,24.1887723931
21,-93.6452485895,226.736467543,21.9055540753
21,-102.547565748,226.895121079,20.0986818068
21,-118.250669286,227.808353294,17.7128233754
21,-131.481741162,228.760977004,15.6688312371
21,-143.173733734,229.73217056,14.0426811089
21,-153.92319332,230.786011501,12.9531236241
21,-164.20539873,232.168565304,12.4202773778
21,-174.071730285,233.698026815,12.4359825755
21,-183.473737086,234.901051281,12.332874327
21,-192.984142146,236.678926615,12.6603986753
21,-202.155632868,238.787760447,13.9737375754
21,-211.001855379,240.339234467,14.8114537852
21,-220.188940791,241.935472744,15.3563859337
21,-228.878864919,244.035277087,17.3361147389
21,-237.313520048,244.26403615,17.4765362992
21,-244.964373511,245.395019361,19.8615401601
21,-253.570194408,247.494372407,22.5974525609
21,-261.983825797,248.693961008,24.7058064568
21,-269.110851379,250.995408226,29.2632034002
21,-275.761572748,252.917174201,34.1375252323
21,-281.123720087,255.210640937,40.3518294078
22,128.561122864,342.331581059,179.896506852
22,123.884276047,342.09782574,175.566120109
22,119.792574521,341.895489469,169.80235347
22,115.115243113,341.434419835,164.616450075
22,109.584882634,340.714165264,160.459707445
22,103.912866501,339.929534572,156.186055286
22,98.9313438564,339.784345433,150.692444612
22,93.2418597553,339.002706299,145.543971954
22,87.1124969352,338.288696613,141.196474023
22,81.3516506796,337.720771754,135.645188157
22,75.1833855858,336.962391413,130.562585708
22,68.7554631537,335.960609144,125.586499901
22,61.8808249387,334.814233432,121.480621554
22,55.3509446929,333.862343717,116.24658833
22,48.5638152868,332.583287295,111.302290641
22,41.4838641128,330.788671402,106.573697437
22,34.2825087631,328.921865265,101.911883237
22,26.9768664854,326.604777632,96.7411920058
22,19.5554809242,324.852480182,91.8635571662
22,11.911128892,322.864216521,87.2026837536
22,4.14936425478,320.169359701,82.5710322582
22,-3.80819603331,317.581418212,78.5712798626
22,-11.9027035682,314.830489388,74.5423960696
22,-20.1557040322,312.057618409,70.6369612642
22,-28.4126866742,308.811404213,66.2704003977
22,-36.9361613571,305.732392459,62.6825154077
22,-45.6077546618,302.655673129,59.4746845177
22,-54.3248367117,299.221150358,56.3054344752
22,-63.0940461469,295.587341931,52.9867923428
22,-71.8929912141,291.839975818,50.0429731097
22,-80.7193463326,288.098792776,47.2487711052
22,-89.5040592779,284.1327705,44.9024480499
22,-98.1815529821,279.941017334,42.554724855
22,-106.975727031,276.134955575,40.7018580108
22,-115.803796198,272.061432333,38.3331221916
22,-124.571787131,268.175191288,37.0130421
22,-133.575235505,264.405901557,35.1817879836
22,-142.455109448,260.641178045,33.8251650091
22,-151.195354894,256.697678401,32.5479740768
22,-160.107712738,253.09805997,31.5865027499
22,-169.163005269,249.629093191,30.7177384787
22,-178.134307182,246.273878775,30.5326609719
22,-187.015292541,242.632526251,30.3242652104
22,-196.429326191,239.498677518,30.3533030864
22,-205.743377264,236.165683844,30.6216916248
22,-215.252424158,232.849644804,31.1627925538
22,-224.729039435,229.771272876,32.2908704395
22,-234.511253008,227.050252068,33.9036227716
22,-244.633247768,224.910322053,36.1293397195
22,-253.620406461,223.282653763,39.9589171403
22,-263.096677377,221.836146771,43.7639652006
22,-271.709477404,222.011188868,49.8112010919
22,-283.937352549,221.782899907,53.2982035105
23,134.371736049,245.347498623,171.506829175
23,130.243359241,243.495571298,166.49383814
23,126.220612749,241.002205222,160.012473913
23,121.376052292,238.605228075,154.303670423
23,116.534761077,236.351198184,148.353982918
23,111.288448286,234.025320483,142.403888525
23,106.152202364,231.61085059,135.755861853
23,100.716156595,229.523600938,129.415882394
23,95.1148005182,227.449340525,122.897121972
23,88.7945908789,224.75729455,116.316787129
23,82.4613259512,222.606316227,109.892303827
23,75.872824882,220.460956375,103.391881358
23,68.9039447856,218.675500146,97.3618888342
23,61.7388103563,217.013194514,91.1050315287
23,54.1435076342,215.669444896,85.2846136376
23,46.488100651,214.780671184,78.9853924222
23,38.544662536,214.305218086,72.5542024753
23,30.1565986175,214.263808273,66.4179067939
23,21.4058188503,214.444482584,60.4618269787
23,12.4266325069,215.20082104,54.5030950426
23,3.08829363635,216.190756497,49.2520653934
23,-6.43426141656,217.235973352,44.1098241465
23,-16.0392733138,218.675593239,38.7415973995
23,-25.856546675,220.105082435,33.9304117503
23,-35.8210088502,221.707565014,29.2601952837
23,-45.9643592002,223.529129236,25.1930310489
23,-56.213770642,225.546965453,21.1980959579
23,-66.5268705152,227.668866717,17.2744560698
23,-76.8728511881,229.895667923,14.1621348028
23,-87.2684462266,232.267500423,10.9780495469
23,-97.7519307833,234.954161553,8.7039573815
23,-108.171396573,237.519047536,6.04444891444
23,-118.736226759,240.464022077,4.21013204912
23,-129.332008164,243.303872915,2.31980674243
23,-139.860379906,246.004359381,0.878347114617
23,-150.532973707,248.965923412,0.106712158223
23,-161.249843599,251.959772231,-0.458520328924
23,-171.938939178,255.038608466,-0.628331860977
23,-183.935735854,259.137460567,-4.03075919744
23,-193.822664128,261.865892329,-2.16087576386
23,-203.72158298,264.845825008,-0.0691202755256
23,-213.397357372,267.745015174,1.91073134306
23,-223.243121658,270.959598618,3.72567597577
23,-232.329393979,273.736887156,6.20933744436
23,-242.291553303,277.044446325,7.65546860152
23,-250.76848752,280.028509409,11.980247106
23,-258.465840847,282.69659136,17.2720304546
23,-264.792058993,285.265562284,28.122240021
24,102.130830577,222.046641262,149.198756638
24,96.4606636606,221.321988686,142.085336943
24,90.4094203087,220.218715384,134.346880892
24,83.7154205254,218.963419106,126.746490217
24,76.9028260642,217.939224671,118.748172346
24,69.7963253358,217.306699305,110.7520926
24,62.1571108644,216.782444699,103.007581064
24,54.3044733627,216.235672437,94.8107843352
24,46.0690784377,216.287063993,87.1357296434
24,37.4186325215,216.706185964,79.8149874735
24,28.4895907752,217.333785069,72.4196965636
24,19.3178467708,218.023058051,64.8120769985
24,9.77572968791,218.751788035,57.1639845605
24,-0.154006747593,219.521071184,50.214838016
24,-10.344628204,220.410915404,43.5596398305
24,-20.7653417655,221.31407856,37.0451528491
24,-31.3700010373,222.560995446,30.8330838491
24,-42.0573857639,223.785965243,24.548350944
24,-52.7830478472,225.381216319,19.1729981479
24,-63.5088461951,227.057419407,13.6739054584
24,-74.2149509591,229.008055854,9.04551769968
24,-84.9170721793,231.178271162,4.68218958837
24,-95.5322924838,233.403627363,0.619136728759
24,-106.091331534,235.750273738,-3.39254004792
24,-116.474159827,238.305824017,-6.48810225057
24,-126.662213837,240.938014816,-9.09360272879
24,-136.349817511,242.470707998,-12.4557182671
24,-146.399372263,245.444430292,-14.9585252063
24,-157.131549619,249.977017712,-17.0907623142
24,-167.226897907,253.715881799,-18.5586524891
24,-176.714538888,256.60376128,-19.720516583
24,-187.95258308,261.030987291,-21.7364027783
24,-196.900292027,264.102390175,-21.5660708431
24,-205.662368135,266.578048908,-21.7032721392
24,-213.409760819,269.244179468,-19.6136372575
24,-222.4766123,272.272936703,-18.8721207566
24,-231.491190677,275.404027871,-17.6842378691
24,-240.796560542,278.790160683,-16.2373068201
24,-249.223694366,281.425715771,-14.1380636508
24,-255.805947284,283.842235842,-9.67208180084
24,-262.512310097,286.698249953,-4.52579434679
24,-268.955506534,289.356670132,0.978785623008
24,-275.360687644,292.18834371,7.2684252949
24,-282.604675682,289.940489291,19.1489858299
25,94.7429779774,306.17975475,166.081577236
25,88.0433953014,308.013173017,159.529585051
25,80.9740521887,310.031102964,153.327864275
25,72.9499212192,311.222867716,147.800003853
25,64.6579643322,312.248307415,142.089480123
25,56.8333831889,313.940882566,134.975310386
25,48.3623327659,315.183118809,128.300405821
25,39.4140917379,316.124444893,121.848649198
25,29.8770233491,316.938102121,116.246595744
25,20.1225208951,317.542585474,110.037329766
25,10.1129499121,317.550157336,103.425841831
25,-0.313669353971,317.514369134,97.3139980626
25,-11.245686971,317.216162588,92.1922485727
25,-22.4975806318,316.854410871,87.0789496182
25,-33.9837667557,315.830248736,81.7253596112
25,-45.7628811006,314.68995024,76.4115680282
25,-57.7412442451,312.874954201,71.3916281312
25,-69.9368466098,310.439586045,67.4251029779
25,-82.3184723791,307.738368846,63.269143036
25,-94.8011024446,304.468941767,58.6414783208
25,-107.267796034,300.881483574,55.1485138864
25,-119.78302493,296.923436532,51.4518746789
25,-132.237112361,292.752856436,48.2381169687
25,-144.495309939,288.167477343,45.0577125524
25,-156.591973391,283.640122474,42.6867429482
25,-168.684709215,279.049793623,40.4703204033
25,-180.372735856,274.052272707,38.6633066001
25,-192.311110333,269.181513649,37.1216290632
25,-204.293100781,264.477590837,36.412460082
25,-216.371207702,259.064801282,35.3343459021
25,-228.035301119,253.661940842,35.3775270978
25,-239.910242927,248.474539094,35.7383815474
25,-251.978607859,244.17248286,37.3298203188
25,-266.545159117,240.570113451,37.7106227143
25,-277.194210776,237.913185879,43.0047585136
25,-287.517744464,234.887788479,48.3424826586
