0,-249.02068929,178.693478288,76.0489411087
0,-243.707407307,177.060802847,70.2949078752
0,-237.763919628,174.866248999,63.8235117452
0,-231.071560904,174.67548859,60.1839983779
0,-224.593821177,174.115039184,55.6200431477
0,-217.788307428,174.40777186,52.0864149396
0,-210.87475418,174.930822683,48.6212694177
0,-203.888981929,175.49556846,45.0067090879
0,-196.486238272,175.994224423,41.4107942238
0,-189.041121011,176.538079727,37.5493629867
0,-181.68125108,177.522404654,33.836137351
0,-174.374838282,178.656294781,30.0207105721
0,-166.908992801,179.943282362,26.360054653
0,-159.419874625,181.312377221,22.6233193487
0,-151.737239582,182.776599642,19.1015308432
0,-143.856641965,184.084246046,15.681917481
0,-135.949238357,185.443279816,12.187996837
0,-127.784421329,186.839955277,8.99680846812
0,-119.454518682,188.401727752,5.99791044503
0,-110.818780237,189.81706523,3.09790319438
0,-101.983762931,191.170590934,0.200154274188
0,-92.9040681962,192.360520723,-2.63532069083
0,-83.6385055844,193.435427836,-5.44981642548
0,-74.1701634281,194.416284936,-8.09607635884
0,-64.5911872731,195.212228182,-10.6073609738
0,-54.9597090844,195.805868729,-13.0473576383
0,-45.2724273147,196.050602049,-15.6858931072
0,-35.3748577141,196.090499698,-17.6754359721
0,-25.4583501131,196.067611254,-19.5177233947
0,-15.542149419,195.800528729,-21.2286787202
0,-5.62957287106,195.299704339,-22.831288396
0,4.29859656384,194.48478333,-24.0315368015
0,14.2499963294,193.373548511,-25.1049447663
0,24.2240449494,192.094595566,-26.1270834426
0,34.1749026387,190.605954259,-27.0602179552
0,44.1151640859,189.005157044,-27.7164551207
0,54.0957587912,187.388896338,-28.2045306262
0,64.1001961928,185.787240127,-28.1264515708
0,74.0847048483,183.992679762,-28.1025116804
0,83.9829519483,181.999195052,-28.2953996395
0,93.6610073018,179.944239407,-28.0754614848
0,103.033892685,177.938798769,-27.2761054155
0,112.050747012,175.761257224,-26.3523667613
0,121.122482401,173.709309781,-25.9679473959
0,130.096257024,171.614737273,-25.22046732
0,138.846071568,169.307785412,-23.8395361264
0,147.526644436,166.691919407,-22.2445369263
0,156.234615739,163.663828418,-20.6321361312
0,164.60297735,160.160750213,-18.4536007142
0,172.840257716,156.218384658,-16.5030131879
0,181.1876207,152.323360708,-14.0502020677
0,188.598922222,147.548676588,-11.6142489905
0,193.86794271,142.589710948,-6.90016411162
0,174.792137341,130.739475754,15.1203148859
1,-198.805803982,205.972085021,30.0947211698
1,-191.503322119,207.280735365,26.8652683039
1,-184.313884421,208.76978739,23.6840947537
1,-177.08450674,210.031059183,20.2530645964
1,-169.6891453,211.168735811,16.9331924369
1,-162.265589121,212.245520364,13.627523337
1,-154.956231649,213.255323091,10.0697850138
1,-147.378542828,214.168359767,6.96353797697
1,-139.807505244,215.016562558,3.80737774352
1,-131.936989606,215.622327684,0.983116790616
1,-124.173972242,216.249983649,-2.08863893344
1,-116.194102406,216.633454306,-5.13074196707
1,-107.994442492,216.988488222,-7.96890336999
1,-99.6497938306,217.112004942,-10.9237744504
1,-91.0841241795,217.084227574,-13.8791339544
1,-82.2648630731,216.93762458,-16.7618797506
1,-73.1461127314,216.553379483,-19.5164888987
1,-63.9051923306,215.938643644,-22.5113891452
1,-54.5225374565,215.088417623,-25.1607009884
1,-45.2238122756,214.32177579,-27.4573705763
1,-35.9564058473,213.383480362,-29.0601635616
1,-26.9070976593,212.62468423,-30.4476314001
1,-18.0267052829,211.846586727,-31.6600216998
1,-9.2283869421,211.024787472,-32.6530789506
1,-0.438750669509,210.11771311,-33.5296567727
1,8.3925614088,208.988472385,-34.2846505725
1,17.295520943,207.508706004,-35.081984038
1,26.3203253298,205.790552227,-35.6476355918
1,35.5115764822,203.813012319,-36.273863928
1,44.8322129861,201.56244796,-36.2985600539
1,54.2998675045,199.211024371,-36.3769254815
1,63.8405932451,196.625268574,-36.4534090202
1,73.4428696602,193.948592325,-36.1971493818
1,83.0525927027,190.956387531,-35.9042352369
1,92.6387774033,187.650982362,-35.4832423232
1,102.34044974,184.297930679,-34.9192494839
1,112.091672138,180.707353242,-34.2946104325
1,122.041223229,176.967653777,-33.6282394655
1,131.850880207,172.886271846,-32.4096988362
1,141.744513446,168.576037003,-30.9454149329
1,151.459569237,163.934986833,-29.1856485473
1,160.860725807,159.011849388,-26.7563290687
1,169.653285465,153.896223428,-23.8326174891
1,178.584975447,148.978512283,-20.8958348913
1,184.637101093,144.679273872,-13.7107610242
1,189.447550257,140.367250226,-5.74518071706
2,-251.296417453,241.60184655,44.2739962772
2,-249.041584694,244.250452592,40.7856257557
2,-246.646200672,247.256000461,37.4280492187
2,-244.366474812,250.557456056,33.7995180832
2,-240.422570584,253.209390637,30.4793099982
2,-235.747813926,256.217925366,27.8983092827
2,-231.615126544,259.828979712,25.1189529357
2,-227.059264567,262.805738896,21.8986666475
2,-221.324304817,264.989100536,18.9872351349
2,-215.48873416,266.879737189,15.5739994058
2,-209.207533555,268.789313873,12.5393772111
2,-202.898091591,270.608210357,9.23964087377
2,-196.099494848,272.132477092,6.12047233417
2,-189.235934634,273.765144108,2.95790731646
2,-182.136301474,275.388853696,0.0359316857827
2,-174.717946684,276.887207066,-2.60425399462
2,-167.360400059,278.223131649,-5.90486077715
2,-159.496751058,279.227005069,-8.74651235349
2,-151.570213764,280.166625579,-11.8246735864
2,-143.222311598,280.951909007,-14.1425917717
2,-134.701290739,281.205733259,-16.9585346818
2,-126.060707445,281.410650556,-19.6739310722
2,-117.266578722,281.596201338,-21.9571613891
2,-108.319747732,281.516542807,-24.2736703412
2,-99.1992714891,281.133567314,-26.3867303516
2,-90.101377025,280.892992621,-28.3284354674
2,-80.977446933,280.759123806,-30.1623232259
2,-71.708813697,280.311185168,-31.7880287521
2,-62.2554711003,279.419241424,-33.0803613473
2,-52.8565301274,278.504819847,-34.600875777
2,-43.4107399462,277.416306757,-35.9199006767
2,-33.8619077289,276.168250759,-36.3953101327
2,-24.3237268426,274.5869649,-37.0003663662
2,-14.7708925416,272.947325064,-37.6719235788
2,-5.21340172867,271.109786072,-38.2061018893
2,4.26401748885,269.082943841,-38.7237845745
2,13.6947996309,266.914978132,-39.2029653606
2,23.1070829695,264.443860423,-39.4712403598
2,32.5119102432,261.852144968,-39.6897263108
2,41.818509498,258.850744483,-39.6142697802
2,51.1895650249,256.03039006,-39.3525051569
2,60.566643338,253.109566362,-38.5669328397
2,69.9759133199,249.949992451,-38.0877947181
2,79.4555637177,246.679621804,-37.5342641307
2,89.0635088151,243.338581394,-37.0535467465
2,98.6989295821,239.796376794,-36.5942516086
2,108.089702287,235.69170668,-35.8109787111
2,117.43718114,231.406134917,-35.0279656628
2,126.759069337,227.093518396,-34.4189857388
2,135.965401967,222.766057458,-33.5117586848
2,145.056894536,218.44216721,-32.5115433026
2,153.678010844,213.937763149,-31.0937294713
2,162.028455904,209.741825994,-29.1978501501
2,170.084801432,205.5011488,-27.5160371868
2,177.499038009,201.137828015,-25.6343980781
2,184.417993282,196.725686685,-23.9240402201
2,191.463557151,192.634400132,-22.9634385165
2,197.052663412,189.003688746,-19.8052966378
2,204.287270095,182.759184582,-13.6157834699
2,208.058151149,177.22968669,-7.08358936066
2,210.100852088,172.102338017,-1.51917418857
2,212.880560603,167.631629113,2.45175210241
3,-142.031883061,166.391950569,55.2424801632
3,-134.599025251,170.002932256,50.153722576
3,-126.5641648,173.611049348,45.2974051227
3,-118.191850316,177.324903848,40.580625077
3,-109.633883635,181.514406409,36.3823463838
3,-101.128651054,185.771149261,31.9996421991
3,-92.6447499387,190.225709482,27.6470686211
3,-84.0858956384,194.932392408,23.5762191009
3,-75.4673375955,199.909309666,19.7719531248
3,-66.679125919,205.059342782,16.5881337271
3,-57.8774107201,209.973738445,12.97087569
3,-49.0440516545,214.943082405,9.65811993736
3,-40.144384873,219.741825643,6.69404799694
3,-31.2194061405,224.455709246,4.16676607051
3,-22.3210662627,228.86227304,1.20309336589
3,-13.3643720115,233.076093362,-1.2825544991
3,-4.30435074199,236.830080035,-4.37994951811
3,4.82162996407,240.655962796,-7.31931031036
3,13.9123644602,244.178427946,-9.82568683389
3,22.8432136213,247.453409365,-11.6480726977
3,31.573542302,250.566183673,-13.268378887
3,40.1922959138,253.53613697,-15.0596191555
3,48.5740122908,256.019006721,-16.5691881581
3,56.872715564,258.542665966,-18.1297531432
3,64.9822746063,260.899310483,-19.447154622
3,72.960127258,263.156487502,-20.8153494103
3,80.6473268808,265.26960241,-22.0054409277
3,88.0792361667,267.296355343,-23.244560638
3,95.1373485659,269.105902736,-24.6376022478
3,101.750988274,271.139386697,-25.7364482057
3,112.333563325,274.597659575,-27.9839962457
3,120.997948364,277.830360461,-28.6793966361
3,128.527775215,280.268921151,-29.2467973744
3,135.17849282,282.101520531,-29.3452117959
3,141.458029872,283.80531616,-29.7343254648
3,147.164544947,285.012759849,-29.874353763
3,154.237734371,287.299772499,-33.1818601841
3,159.738093451,288.303732272,-33.7909452161
3,164.544585857,289.005036199,-32.920695664
3,169.193509442,289.843176174,-31.5540555892
3,173.846136058,289.734099763,-31.3368871191
3,178.394136479,289.892897433,-30.5540292842
4,-207.824083846,158.555892354,52.2794927292
4,-200.016706055,159.835325691,45.8894801606
4,-191.946157376,161.591294952,40.0370440178
4,-184.210171362,164.137212118,34.5879072413
4,-176.580623002,167.318691154,29.5603400405
4,-162.919903283,174.211589498,21.2170981717
4,-151.17958835,179.879137432,14.3944392155
4,-140.695680739,184.886764395,8.36469577166
4,-130.644600352,189.83974539,3.96837048132
4,-121.136298443,194.175991274,-0.927009277659
4,-111.950434493,198.382700677,-5.73825398429
4,-102.816239751,202.581314154,-10.0144120438
4,-93.7439403428,206.962392842,-13.7915421028
4,-84.7140230127,211.571156818,-17.1149991459
4,-75.7886255227,216.213482117,-20.5981040241
4,-66.777618851,220.970195054,-23.481519345
4,-57.7804776153,225.494757368,-26.6221774259
4,-48.7394535838,230.113184758,-29.3009556002
4,-39.6006639071,234.608133507,-31.7637542539
4,-30.3923625146,238.79950765,-34.418394439
4,-21.1153751766,243.010154387,-36.8138753437
4,-11.7671905761,247.182315017,-38.7209985162
4,-2.367039316,251.102060712,-40.2657231764
4,7.04587778289,255.01757336,-41.7751139259
4,16.4140809748,258.741288738,-43.0647141703
4,25.5868514691,262.17629651,-44.0181907497
4,34.4982045824,265.824969125,-44.6930428118
4,43.1136388303,269.364574693,-45.0987775329
4,51.4532686634,272.675899184,-45.3829308727
4,59.7295225858,276.060891371,-46.1186275995
4,67.6462025523,279.386611413,-45.8091516085
4,75.447497626,282.745126135,-45.728646973
4,82.8923617074,285.380703369,-45.3815356649
4,90.3691238436,288.355496421,-45.475142327
4,97.5883367822,291.083896795,-45.2383461354
4,104.7588863,293.993448974,-44.9710511998
4,111.688650543,296.76438302,-44.3960481831
4,119.212670866,299.793791073,-45.3690156336
4,126.034231362,302.565136976,-44.7921888552
4,132.13806347,304.729013435,-43.1332821235
4,138.106329453,306.72707204,-41.6949642425
4,143.704864104,308.423922395,-40.1050481895
4,149.458832792,310.740792121,-38.7397917089
4,154.73988627,312.299335623,-37.4776829492
4,159.728607055,313.989758554,-35.9951799644
4,164.647621357,315.593820195,-34.8058668159
4,169.879327777,317.852706374,-34.3028636343
4,174.664859955,320.051431299,-33.203626137
4,178.660350122,321.136161031,-32.0355534289
4,182.210859606,322.25870589,-29.9707071685
4,186.226981942,324.035366355,-28.4415753682
4,190.154828868,325.403419763,-27.542601734
4,193.54712724,326.518574592,-26.1403461389
4,197.558095881,328.163852395,-25.9366358442
5,-257.789656833,276.56283749,34.936532939
5,-253.482178631,279.84239291,31.8492309698
5,-249.646513172,283.241923,29.0137228805
5,-245.870115344,286.242195763,26.2079349184
5,-242.292754019,289.275992379,23.5223835234
5,-237.966782951,291.63411284,21.4460102209
5,-233.998993381,293.728177594,18.9238009549
5,-230.01995724,295.712755241,16.6332379991
5,-226.117454344,297.434406967,14.2023768693
5,-222.250194463,298.911304656,11.6566603024
5,-218.354853478,300.190146759,9.0959892547
5,-214.021740038,301.006576054,6.67952845633
5,-209.693316648,301.924776261,4.30407763388
5,-205.267055809,302.459342781,1.40204138732
5,-200.296497024,302.517184845,-1.16244178138
5,-195.143429651,302.433889527,-3.70973547428
5,-189.588893347,302.360459301,-5.4724271085
5,-184.191009597,301.55481244,-8.73300944284
5,-178.644493952,300.904290985,-11.434052576
5,-172.78090371,299.78279966,-14.0858891668
5,-166.736565984,298.274792959,-16.7582908254
5,-160.421831201,296.309522264,-19.373819138
5,-153.948970389,294.016902089,-22.0764214522
5,-147.315667306,291.556920491,-24.6911924988
5,-140.491469256,289.062848161,-27.0945178107
5,-133.362248572,286.170361678,-29.4908111578
5,-126.034930393,283.161617509,-31.8322758306
5,-118.410147192,279.839897199,-33.9214089536
5,-110.572801528,276.173377786,-35.988738876
5,-102.552713133,272.309975113,-38.0842949185
5,-94.385352308,268.285408011,-39.8892521433
5,-86.0901103805,263.84904273,-41.44102117
5,-77.7470808535,259.461340294,-42.4060172476
5,-69.4962577841,255.029745764,-43.5032519808
5,-61.1540987499,250.32209997,-44.3794518063
5,-52.7828273614,245.619291606,-45.0112251393
5,-44.3000318214,240.641145065,-45.6501359947
5,-35.7501184725,235.679447125,-46.106579871
5,-27.1625431662,230.782521297,-46.2704779222
5,-18.5071286557,225.728061742,-45.8697017652
5,-9.78919053495,220.41448369,-45.3793371466
5,-0.997223412531,214.873709586,-44.8033203426
5,7.86554745421,208.954595907,-44.0142419617
5,16.7907636092,203.105268864,-42.757293377
5,25.7078730869,196.845712099,-41.5002782747
5,34.5640303023,190.443127647,-39.455461659
5,43.4085479882,184.169788605,-37.2976338492
5,52.26350055,177.948466797,-35.3192385179
5,61.1167260843,171.88732829,-33.1045495841
5,69.992806891,165.929358449,-30.9252341748
5,78.7392587672,160.109227778,-28.3185869624
5,87.442070591,154.464310834,-25.5458372928
5,96.0229548791,148.911987002,-22.4761830107
5,104.47886311,143.43362537,-19.1798564918
5,112.779544983,137.85583885,-15.8754417807
5,120.911350293,132.425705705,-12.2147882491
5,128.940436893,127.196076951,-8.40495742115
5,136.800540727,122.228422098,-4.31996500653
5,144.801812824,117.4829026,-0.430264661712
5,148.936083856,117.350582371,12.9122406502
6,-221.308780895,306.62289239,-37.8774384262
6,-214.372214319,306.217442912,-42.0744051646
6,-206.844917317,305.424424369,-45.5118362349
6,-199.145377328,304.334660163,-48.8165246389
6,-191.394514271,303.347592935,-51.9472114873
6,-183.331400191,301.818703748,-55.0043092829
6,-174.84471817,299.741927706,-57.6280003236
6,-166.204066947,297.367871491,-59.9978312465
6,-157.744516273,294.996198331,-62.547854444
6,-148.860269956,291.944944469,-64.368548672
6,-140.181973881,289.11374632,-66.14819962
6,-131.25137203,285.596377736,-67.706742123
6,-122.233308269,282.065961732,-69.0930438498
6,-113.176065536,278.736285571,-70.2872496071
6,-103.946908124,275.328127626,-71.2537791747
6,-94.3736099507,271.777555588,-71.4704328999
6,-84.7194770925,268.103160602,-71.5544229307
6,-75.0266629536,264.16389664,-71.6979586543
6,-65.2731979142,259.952601321,-71.6409400966
6,-55.5850795782,255.670266877,-71.4300312818
6,-45.8904415902,251.162778284,-70.9211482924
6,-36.2134530999,246.573676188,-70.3332539318
6,-26.522815073,241.891490724,-69.5942227747
6,-16.7422983589,237.285512767,-68.0357394071
6,-6.98433049895,232.419051867,-66.6685581401
6,2.77922993778,227.457124852,-65.2533106828
6,12.5431706939,222.319966958,-63.6538555887
6,22.2815054669,216.992314696,-61.9611611022
6,32.0599866053,211.649375589,-59.8312715544
6,41.775672723,205.709814009,-57.8304704672
6,51.4832250206,199.803546102,-55.6861654398
6,61.0569029237,193.866175263,-53.1810414214
6,70.4784132215,187.989257941,-50.3239200136
6,79.6241664112,182.033812104,-47.3500849761
6,88.5205764284,176.081071347,-44.172428254
6,97.3346950576,170.324925124,-41.1183991729
6,105.982363401,164.807463082,-37.8039204684
6,114.525726369,159.521441389,-34.4767215691
6,122.926394945,154.30174495,-30.9949352714
6,131.22166623,149.093605798,-27.5410928772
6,145.337648305,140.067304069,-20.3445600955
6,156.908545131,132.745771958,-14.4331009815
6,164.876966451,130.096200653,-1.58856957836
6,146.114910955,122.39155527,37.5911602501
6,135.96654325,116.368242281,63.7415430384
7,-242.401570808,187.133647948,47.2907927777
7,-235.0289967,183.412053037,43.6727891214
7,-228.168815908,180.74168413,40.690870013
7,-221.139648989,178.669708273,38.1136603175
7,-214.08299347,176.879145264,35.7005390832
7,-207.337509465,174.961493691,32.9874563896
7,-200.672052508,173.415178689,30.5835191239
7,-193.883233751,171.446797891,27.8731497409
7,-186.96604914,169.788389418,25.4437800417
7,-180.190514174,168.074264082,22.8381157248
7,-173.365012934,166.584347086,20.4705883983
7,-166.631883525,164.985804828,18.043382818
7,-159.871611878,163.401983111,15.7198288419
7,-153.024178531,162.050560999,13.7022552257
7,-146.346073596,160.817571382,11.6761588635
7,-139.587847863,159.737461021,9.80957695006
7,-132.710034842,158.761941638,8.07913892878
7,-125.988796273,157.828457457,6.20899169823
7,-119.069411855,157.10018909,4.52090343862
7,-112.076391014,156.414635015,2.77845180309
7,-104.838753904,156.236297088,1.43033734941
7,-97.5972501714,156.161837466,-0.0436569063686
7,-90.6645842035,155.658725633,-2.49735792022
7,-83.4795533598,155.876077371,-4.50425803477
7,-76.1903737902,156.41668,-6.44906448711
7,-68.9724899575,157.091297507,-8.70994191724
7,-61.6200000673,158.090095582,-10.8609089198
7,-54.1264279502,159.358423858,-13.0194957676
7,-46.4047647173,160.980332687,-14.9469075541
7,-38.7255968672,162.755077756,-17.1440673895
7,-31.075358958,164.759218567,-19.0617050659
7,-23.5433092587,166.883588638,-20.7687764013
7,-16.1768458208,168.931319165,-22.6288737437
7,-8.84514930441,171.244447655,-24.1435389938
7,-1.57248029897,173.79857449,-25.4120307483
7,5.53572215401,176.359349995,-26.9174847216
7,12.4940541456,179.127260551,-28.1985110647
7,19.3468490955,182.019961152,-29.1647993653
7,26.1843140898,185.005475653,-29.9671668202
7,33.0413770875,188.011960475,-30.6042829913
7,39.8762728733,190.849828999,-31.2326657597
7,46.7407343295,193.545281502,-31.7367549808
7,53.6285407186,196.120661751,-32.1396804676
7,60.5507080822,198.643405459,-32.3055802791
7,67.4896106972,200.94544486,-32.4329510346
7,74.5178004511,202.923624939,-32.5992095857
7,81.6933651183,204.771841364,-32.6237133347
7,88.9291308505,206.268564566,-32.3960474657
7,96.2052305843,207.34571661,-32.1945187771
7,103.412474004,208.021638648,-31.5840468078
7,110.764498799,208.399099116,-31.1279727867
7,118.086397709,208.465828001,-30.4810651657
7,125.567043416,208.379645646,-29.9743628392
7,132.925723868,208.012592326,-29.1068849351
7,140.035908374,207.254864813,-27.9102900609
7,147.109027294,206.324660655,-26.9737920721
7,153.653821021,205.476131143,-25.2877372712
7,159.585125554,204.426001903,-23.3949443336
7,165.201244265,203.391130901,-21.5244309682
7,170.768560681,202.557685689,-19.9145580001
7,176.164762483,201.603073244,-18.2107145559
7,181.283893309,200.439146423,-16.4225269092
7,184.814022433,199.822644194,-12.0081690097
7,189.933667628,197.945400109,-11.1000186295
7,194.307739623,196.009058274,-9.34424916275
7,198.65429833,193.969326585,-7.7092247094
7,202.387941071,192.184289312,-5.13712970675
8,-263.941716372,252.308458214,-20.7078977742
8,-262.263335253,252.796775782,-26.2627748622
8,-258.133945028,252.174859752,-30.5679665348
8,-253.094480513,251.645272865,-34.1435551734
8,-247.603327708,251.270454312,-37.3482113393
8,-241.485254236,250.943007088,-39.9353456157
8,-234.497717327,250.319289352,-41.9555968462
8,-227.347659456,249.768089881,-43.7923990298
8,-220.315685636,249.456168685,-45.6396444705
8,-213.120340995,249.043611212,-47.3933296919
8,-205.578627632,248.472737495,-48.8629169009
8,-198.178264968,248.196661709,-50.3050943204
8,-190.739836913,247.815896876,-51.7781405315
8,-183.021685782,247.42631841,-52.9750550758
8,-175.130842644,247.009810559,-54.0092051216
8,-167.217374211,246.78336308,-55.0054621718
8,-159.018743572,246.343321049,-55.8317627915
8,-150.806863829,246.051890685,-56.7447453908
8,-142.406497333,245.927300025,-57.4742245777
8,-133.968494273,245.834662669,-58.3592230671
8,-125.355491617,245.81478375,-59.1504684516
8,-116.670960699,245.876316644,-60.2012379254
8,-107.81606454,246.203031603,-60.6961625843
8,-98.9996251329,246.475971627,-61.504613267
8,-90.2064686112,247.169045899,-62.2289900055
8,-81.1920318572,247.908268202,-62.5162273296
8,-72.1188454738,248.57919375,-62.9357049969
8,-62.8961751435,249.122668584,-63.2482203362
8,-53.582990459,249.789970467,-63.455798093
8,-44.17722187,250.478068447,-63.5081675845
8,-27.4626668979,250.962105522,-63.4735891879
8,-13.475820039,251.14651927,-63.3121014067
8,-1.26779474455,251.688871511,-62.9834723436
8,9.79877987501,251.937621608,-62.500613515
8,20.085233787,252.128521346,-61.6557431676
8,29.8941594188,252.401845103,-60.8800507292
8,39.3545067419,252.822356315,-59.9770002314
8,48.5208323088,253.278665273,-58.7720036901
8,57.4925401138,253.71553755,-57.5276377244
8,66.2625376724,253.574169017,-56.6864823036
8,74.8568817236,253.741361682,-55.5010215492
8,83.3260564006,253.979785622,-54.3312592261
8,91.5236461125,253.910075048,-53.018408957
8,99.6661666669,253.848544454,-52.0287141338
8,107.385025239,253.70990579,-50.736655795
8,114.766923578,253.521478608,-49.5524094772
8,121.60216355,253.217366771,-47.9222790732
8,128.219854013,253.168371237,-46.348460439
8,134.430028577,252.94117337,-44.628746819
8,140.445381263,253.069113607,-42.823716417
8,146.281661245,253.207523673,-41.1268117734
8,151.81730849,253.303859667,-39.3490903128
8,157.387336421,253.897781079,-37.7739420998
8,162.40859847,254.117341886,-36.196297783
8,167.077405809,254.590750055,-34.3862895661
8,171.639245065,255.519744162,-32.6174409537
8,175.731155749,256.235684413,-30.9729710928
8,179.628751942,257.048628723,-30.0010516464
8,182.033753476,257.260205534,-27.8684842541
8,184.002903418,257.463296569,-26.1314069125
8,185.863103211,258.350977194,-24.8216048443
8,186.2980139,258.675937981,-23.1261577973
8,181.560385323,257.504654861,-18.8518607396
9,-272.098944479,228.325831571,21.5232992719
9,-267.43704357,227.386758311,17.9242546909
9,-262.068113538,227.208850716,15.6265700044
9,-256.136965838,226.643919703,13.3099717701
9,-250.014327096,225.925569124,10.7911428427
9,-243.947383131,225.186235463,8.15407387839
9,-238.093821451,225.096677945,5.91380345761
9,-231.690410906,224.796466898,4.0981288382
9,-225.067212642,224.180437151,2.26171533172
9,-218.561833625,223.548071031,0.289308192894
9,-212.003053877,222.627175006,-2.00712879449
9,-205.528114052,222.032142654,-3.83718902311
9,-198.515629446,220.900525989,-5.59990082677
9,-191.804608718,221.026305087,-5.81013566703
9,-185.051898738,221.031296115,-6.10122536839
9,-178.640469262,221.31680552,-6.57796255576
9,-172.247697388,220.400812869,-9.04359291091
9,-165.849760466,219.834182841,-11.1145376611
9,-159.144836069,219.806368,-11.808877124
9,-152.556393555,219.248503463,-13.7862574429
9,-145.819958395,218.787583767,-15.3300572621
9,-138.777832739,218.092054464,-16.3544245738
9,-131.840640052,217.844568756,-17.3950420129
9,-124.877863866,217.713588862,-18.4040895807
9,-117.770875524,217.35766619,-19.6929558234
9,-110.526209514,217.108903409,-20.530167387
9,-103.164628714,216.662828853,-21.772344812
9,-95.7292306349,216.475999746,-22.7322219008
9,-88.0848979078,216.305641684,-23.5826260734
9,-80.342431811,216.326859833,-24.5446212573
9,-72.4402895356,216.447570717,-25.3274625279
9,-64.4055227684,216.765496157,-26.0098689029
9,-56.1869781917,217.032440996,-27.1369770084
9,-47.8575857472,217.509061061,-27.6400630201
9,-39.3455174877,217.859381551,-28.5170863249
9,-30.6461134191,218.319908263,-29.4085189057
9,-21.7646581973,218.673003685,-29.8379803044
9,-12.6783482879,219.027702605,-30.1858797742
9,-3.31398653703,219.127060747,-30.5675529885
9,6.2855556874,218.917939914,-30.9117858285
9,16.1241037403,218.567811667,-31.2207549515
9,26.1363652963,217.801508487,-31.4978198921
9,36.3125951419,216.794072035,-31.8682067094
9,46.5112025686,215.606986794,-31.7134182964
9,56.7749789261,214.396510944,-31.5857940471
9,66.9410553006,213.132468187,-31.40890586
9,76.9621064224,211.907753865,-31.3145429124
9,86.5858929807,210.627482419,-31.0330842191
9,95.8340099788,209.223374667,-30.6948077282
9,104.843607632,207.943962608,-30.3287884008
9,113.739534826,207.044404832,-29.843357868
9,122.174680597,206.239061792,-28.896399253
9,130.504526856,205.398025789,-28.2820184207
9,138.601249616,204.621356411,-27.5559679368
9,146.866633422,203.817623664,-27.2305795392
9,155.297244076,203.272937288,-27.1667106008
9,161.94564372,202.825446461,-24.7791562927
9,169.102446739,201.871548787,-23.8478777166
9,176.474746737,202.036383078,-22.7071435211
9,182.232480039,201.381329812,-20.700803117
9,188.360273043,201.111024329,-19.3314548474
9,193.585163137,200.270854017,-17.8418605999
9,199.880759257,199.945309069,-17.4247768608
9,203.918424974,199.112198598,-15.4122995374
9,209.293783601,199.226619355,-14.257106955
9,212.695972751,198.377152808,-12.5371577158
9,216.439819668,197.989317798,-11.001790988
9,219.283119379,197.571861213,-8.90542054069
9,220.051127237,196.968330561,-5.71905503045
9,223.202246778,196.464972087,-4.31858278354
10,-249.323508239,226.824319746,5.75570323194
10,-242.728790156,228.595176361,2.81352223756
10,-235.953582308,230.05687806,-0.588435497284
10,-228.997747724,231.511656599,-3.98877354601
10,-221.48480691,232.583943712,-7.27059505065
10,-213.559840537,233.664408945,-9.97657216025
10,-206.008602771,234.845487823,-13.1513894648
10,-198.597582305,236.276516722,-16.2817909602
10,-191.043191107,237.61181612,-19.2997781729
10,-184.07817255,239.58299206,-23.2402326466
10,-175.714983036,239.83525641,-25.7782607864
10,-167.270476405,239.930883613,-28.1702900371
10,-159.021628468,240.270869114,-30.3106069943
10,-150.8514747,240.739113542,-32.2914227564
10,-142.792481611,241.28028593,-34.2343625394
10,-134.770686706,241.693158598,-36.0435729582
10,-126.792627405,242.08127555,-37.6194827768
10,-118.820594456,242.335730636,-39.2051896291
10,-110.795418858,242.485694208,-40.5175159189
10,-102.70682447,242.507596747,-41.9640904729
10,-94.4958785292,242.429479296,-43.3758015263
10,-86.1178883527,242.059360672,-44.7012354269
10,-77.6856051319,241.591962803,-45.9516272276
10,-69.1822270346,240.928719205,-47.1507086884
10,-60.6208421168,240.132729066,-48.1393748986
10,-52.0910093321,239.585073889,-49.0471133489
10,-43.5175232655,238.732768634,-49.7771146978
10,-34.9368213776,237.844019093,-50.4523286688
10,-26.3615692034,237.124963536,-51.1947506261
10,-17.68720989,235.984545964,-51.7572156527
10,-8.95132831093,234.734629384,-52.1167766316
10,-0.14622756672,233.590243649,-52.6432910749
10,8.71752921911,232.19807332,-52.9555813299
10,17.6068668127,230.630795041,-52.8213393478
10,26.6026759115,229.023591742,-52.8241272201
10,35.6059167211,227.095793138,-52.8026470038
10,44.6364051405,224.789620985,-52.7976744015
10,53.7392652076,222.539934853,-52.8161618491
10,62.8816718074,220.401627987,-52.8390828848
10,71.9886458774,218.331787399,-52.4252901027
10,81.2848479953,216.291981046,-52.1564786799
10,90.4514882393,213.800973337,-51.7386316539
10,99.4306402837,211.056032838,-50.9401372491
10,108.470657665,208.179897961,-50.2554670988
10,117.499917254,205.183822291,-49.4858279548
10,126.456677841,201.753004403,-48.8201255742
10,135.254564041,198.428852904,-47.7148887406
10,144.042200624,195.061870779,-46.6557132538
10,152.570598693,191.469116994,-45.3804970862
10,160.972178274,187.683356292,-44.1426735586
10,168.805641961,184.103072456,-42.1041913561
10,176.159878042,180.647384653,-39.6536172616
10,183.464853385,176.855015895,-37.8497150995
10,191.010717486,173.009318243,-36.766746897
10,197.816059098,169.492271029,-34.9242516545
10,202.820567575,166.08269622,-31.6650748802
10,206.980506327,163.273663394,-27.5689292615
10,210.169568431,161.651370807,-22.2220218361
10,213.941470617,159.334370274,-18.2831482237
10,216.772993428,158.175098863,-13.1763448305
10,219.419522574,157.217344692,-8.33726229787
10,222.735382509,155.762631651,-4.70913915981
10,224.92223388,155.087178986,-0.115189373845
10,225.88164469,154.462727805,4.70490045003
11,-192.733791942,217.022772747,-1.80552770639
11,-186.404520147,219.436657177,-3.18085285849
11,-190.888868229,231.681342733,-9.46017806766
11,-207.863988717,265.369442228,-16.0255504681
11,-108.65340872,233.904250128,-27.6729992676
11,-101.16545652,234.566581633,-29.6573803271
11,-93.4656458616,235.139564999,-31.6579096787
11,-85.5791250644,235.664031184,-33.4573358658
11,-77.5784064159,236.229513592,-35.1339791397
11,-69.4388864487,236.746037637,-36.9144508452
11,-61.0769172934,237.019929878,-38.4385249324
11,-52.5711482598,237.259609015,-39.9312127113
11,-43.8960356205,237.222721739,-41.4561939597
11,-35.1010306139,237.137053836,-42.7223854776
11,-26.2042000592,236.971503314,-43.9297523093
11,-17.244968767,236.643812913,-45.0137994011
11,-8.23714322528,236.179471289,-46.0277936385
11,0.770968595276,235.621217993,-46.8582289661
11,9.7667984327,235.085269113,-47.7050525524
11,18.6870009251,234.336254976,-48.3076644786
11,27.5627149193,233.857084377,-48.84526228
11,36.3318816898,233.310018436,-49.2072393576
11,44.9510547498,232.592750104,-49.2925837284
11,53.5083045715,231.972499987,-48.9642413551
11,62.0860598352,231.407858326,-48.7722836522
11,70.7383087578,231.071477039,-48.694645466
11,79.496416337,230.857037951,-48.6413825211
11,88.2852316818,230.441493861,-48.532022899
11,97.0959937069,229.88738611,-48.529089317
11,105.757026769,229.01368668,-48.4618946841
11,114.109104676,227.876884893,-47.9993888706
11,122.968372648,227.084038501,-48.6212446623
11,131.364141034,226.46239846,-48.0055336635
11,139.265557489,225.487831546,-46.9603554574
11,147.309969648,225.037779907,-45.6554143546
11,154.996302783,224.408552461,-44.0248946201
11,162.389897344,223.19817587,-42.9439796688
11,169.426652438,222.504972357,-40.5478951389
11,176.804120877,221.074639874,-39.7597954518
11,183.955241708,220.388599651,-38.0137154361
11,189.258745913,219.308716267,-34.3590729422
11,196.426387946,218.126286358,-34.0253709761
11,202.050094117,216.761712014,-32.0941174146
11,207.553556711,215.090594992,-30.8728955964
11,209.348251694,214.566437209,-24.4246698376
11,212.461820038,213.000918493,-20.9608735365
11,216.669998489,211.721380441,-18.9688903134
11,217.967965364,210.842636488,-13.9272923565
11,221.337278439,209.06128119,-12.5711967466
12,-225.598891464,162.278545627,53.7586179499
12,-219.523868406,160.40612362,46.9485019404
12,-212.831607505,159.56365012,41.3710462097
12,-205.705752596,159.591495254,36.9578269114
12,-198.794440533,160.060834631,32.7293604157
12,-192.125914244,161.300028249,29.0332882017
12,-185.402741405,163.012258275,25.6208205138
12,-178.852376165,165.212929784,22.3751873893
12,-172.329882476,167.818749889,19.4492840666
12,-166.00637978,170.887497867,16.6963128123
12,-159.940891438,174.35536968,14.0123310601
12,-154.017983793,177.788535979,11.1348625823
12,-148.233627467,181.491233555,8.61040323191
12,-142.575230085,185.267293188,6.26909482128
12,-137.135625708,189.048519542,3.81208201317
12,-131.767205082,192.91570856,1.60994482308
12,-126.427071956,197.050644731,0.116373151957
12,-121.206661544,201.080777722,-1.82388981271
12,-116.032956732,205.17686949,-3.79677259832
12,-110.84510113,209.231191404,-5.84997692547
12,-105.642584358,213.452864512,-7.57526643444
12,-100.392969069,217.690200649,-9.35483135282
12,-95.0204216766,222.030932591,-10.8087922664
12,-89.4890516749,226.35200706,-12.2575133629
12,-83.8911360594,230.738075244,-13.9264081766
12,-78.0800055402,234.948737806,-15.3961958706
12,-72.2376155938,239.340351098,-16.9816419244
12,-66.1812131714,243.543222069,-18.5878953845
12,-59.9100840767,247.464837577,-20.212578056
12,-53.4604782044,251.428566728,-21.6481457121
12,-46.8282964754,255.161643263,-22.9984515869
12,-40.022257989,258.832608223,-24.4062179527
12,-33.0326795455,262.211248874,-26.0627612052
12,-25.8732938613,265.269901798,-27.4863524001
12,-18.5645501025,268.150553238,-28.9371841232
12,-11.0495849637,270.91748485,-30.1445913789
12,-3.28767154982,273.150671566,-31.3768593968
12,4.63630368307,275.024112084,-32.4279642957
12,12.7541609453,276.822631215,-34.0312024176
12,20.9608318091,278.408218959,-35.2430930886
12,29.2489852329,279.81744897,-36.2105127279
12,37.6727300106,281.220958406,-37.1454253363
12,46.0417118585,282.199390246,-37.6570417199
12,54.6228684017,283.2516138,-38.2489777358
12,63.2883944132,284.138916824,-38.6504693121
12,71.8993374859,284.704332016,-38.5079905611
12,80.5336631317,284.843941765,-38.5648286657
12,89.2282092409,285.163775187,-38.4933394811
12,97.7971083196,285.183179296,-38.3773566051
12,106.525996475,284.966575276,-38.795804078
12,114.998875151,284.39589141,-38.8128461084
12,123.340721396,283.943593149,-38.3452505279
12,131.353366433,282.90931051,-37.8628523957
12,139.379921848,281.836184325,-37.7282567908
12,146.726024834,280.285630322,-36.8474206781
12,154.267028852,279.339018077,-36.2357685484
12,161.534517374,278.16470058,-35.4546987634
12,168.311961125,276.643460103,-34.4772928924
12,174.718658745,275.054805639,-33.3530704618
12,181.895211788,273.630116173,-33.8606271163
12,186.789198144,271.879168836,-31.4565257907
12,192.068950139,270.107752593,-30.0500749531
12,197.269662688,268.693562166,-28.9241280472
12,202.441882844,267.498464909,-28.1509442804
12,206.520676302,266.02117859,-26.5216824995
12,211.053277767,264.368647345,-26.3604030941
12,213.838199299,262.836911957,-24.1989183099
12,216.491129463,261.43841329,-22.4523392747
12,217.182549584,260.568048879,-18.6814431885
12,220.484898593,259.652705204,-18.0969122681
12,223.259099325,258.043337523,-17.9951884127
12,222.765041211,257.740379675,-13.4310659713
12,225.157768805,256.989164123,-12.3727754102
13,-258.848473362,219.069671987,-4.77658053903
13,-251.405869239,220.919456678,-8.15934063145
13,-244.318208998,222.683606219,-11.925813538
13,-237.086961281,224.91757111,-15.2306808107
13,-229.871486731,227.546914145,-18.2235596546
13,-222.051035188,229.99119165,-20.975917273
13,-214.964671367,233.288960015,-23.9784114677
13,-207.885999202,237.03088684,-26.7574191975
13,-200.871272663,240.846734762,-29.7931340395
13,-193.54635689,244.480301778,-32.681915051
13,-185.933238121,248.006774292,-35.1283009274
13,-178.388221776,251.72428302,-37.2981758246
13,-171.035554721,255.687125281,-39.2259169877
13,-164.102045338,260.217788396,-41.3415969575
13,-157.026153602,264.547149443,-43.1801224307
13,-149.760295061,268.567068211,-44.6495589396
13,-142.744456772,273.039632044,-46.1668466699
13,-135.641753113,277.44207158,-47.4120645902
13,-128.552608856,281.509543792,-48.9939990647
13,-121.481059012,285.586136661,-50.4947114526
13,-114.405230907,289.647994881,-51.6175826496
13,-107.285024029,293.449206284,-52.7645473742
13,-100.165656727,297.074791158,-53.9061458673
13,-92.9999922355,300.591970544,-54.9666403503
13,-85.6163306381,303.447716086,-56.1313487707
13,-78.1880767029,306.540553114,-57.5229264876
13,-70.5130668114,309.005906186,-58.7396379463
13,-62.6928732445,311.136978012,-60.2604086955
13,-54.7484618216,313.239262149,-61.6850967941
13,-46.7730367098,315.529153452,-62.6036143115
13,-38.6810831499,317.167877394,-64.002247133
13,-30.5553513297,318.778272778,-65.047029286
13,-22.4072669104,320.264645996,-65.9137594261
13,-14.207273723,321.432774678,-66.7703588869
13,-5.95561546754,322.470311345,-67.5394910339
13,2.32376695595,322.910419275,-67.6836463863
13,10.7181844801,323.274997474,-67.8558737525
13,19.2225811607,323.384499904,-68.0727248366
13,27.8644070764,323.300805441,-68.4350101657
13,36.5307291415,322.700462393,-68.6238774658
13,45.2374256521,321.639068829,-68.7449432617
13,53.9541767229,320.479770403,-68.8475580109
13,62.7412503019,319.313434179,-68.7612739635
13,71.7008778225,318.308682825,-68.8714053836
13,80.3812957796,316.408550108,-68.5120993606
13,89.1706354556,314.030668231,-68.4839347192
13,98.1353330522,312.493224287,-68.3562764883
13,106.859828196,310.612758899,-67.7338547462
13,115.597068696,308.634205517,-67.1756686761
13,124.221466582,306.745549324,-66.473881868
13,132.275257257,303.982788612,-65.4892956744
13,140.099746988,302.013723109,-64.0374648145
13,147.715389359,299.31200157,-63.2240075296
13,154.64320363,297.018610756,-61.328494533
13,161.970522167,294.988898451,-60.4496484657
13,168.399759205,292.769085001,-58.7406111627
13,174.662792708,290.848790306,-56.9561828435
13,180.407839362,288.357321868,-55.3546104008
13,185.947172451,286.5195117,-53.4469135465
13,191.065479754,284.842382208,-51.3337907863
13,198.091771611,284.095517367,-52.6570577782
13,200.945649341,281.708444507,-48.9474737994
13,204.561587422,279.199063133,-46.7913819778
13,206.699745279,277.436267392,-42.9868790663
13,210.66125965,276.013865873,-41.4714687754
13,213.619804517,274.415919526,-39.592178802
14,-263.961308225,213.981325302,57.3977990694
14,-268.642764939,217.354349868,56.1600402035
14,-271.109136407,217.74744719,52.9217634171
14,-275.90772827,220.27608754,50.8990413724
14,-105.639053813,195.880054227,-9.49181000089
14,-98.2003093649,191.89800168,-9.79491532768
14,-90.6549851966,187.82044231,-10.0231261794
14,-83.0624121493,183.928915411,-9.98940506743
14,-75.4027729011,179.927892945,-9.94796915767
14,-67.6427503572,175.793314179,-9.95988502849
14,-59.7371851273,171.526808723,-9.88976666159
14,-51.6464304159,167.215750078,-9.56884887101
14,-43.4073439023,162.766758071,-9.21788709701
14,-34.9784957861,158.149795823,-9.05994149105
14,-26.2555792064,153.81099893,-8.75588739993
14,-17.2706728338,149.708166013,-8.44060743608
14,-8.0943618459,145.784917658,-8.20481698971
14,1.2260725074,141.965821223,-8.02550907337
14,10.6008182515,138.504200746,-7.62322260737
14,19.9322924937,135.412273829,-6.92437362945
14,29.191529578,132.377570525,-6.3832717769
14,38.3827728023,129.624356261,-5.69185396929
14,47.4440440467,127.161441789,-4.80548639337
14,56.3504216738,124.798276311,-3.85335345063
14,65.1998451575,122.588717339,-3.0204462338
14,73.9288969699,120.686205516,-2.04992938955
14,82.5290059653,118.966759225,-1.18138920818
14,91.0499413216,117.570954462,-0.532305787662
14,99.2193596237,116.36311537,0.234681647893
14,107.021421917,115.359742035,1.08090366465
14,114.477623554,114.637663284,2.09326868009
14,121.413872963,114.033285126,3.45797153679
14,128.46319208,113.351114571,4.3570360586
14,135.35586364,112.889723054,5.43528638089
14,142.18367317,112.549533259,6.45935655424
14,146.450582378,114.841152966,11.2338340457
14,150.237963749,117.778702028,16.5070985769
14,154.552974929,120.639965305,21.3209779147
14,159.030078867,123.592552413,25.9831742544
14,163.351692007,125.989812044,30.0479230041
14,168.086282791,128.124741386,33.4216353825
15,-256.064372835,217.445678001,25.9515232422
15,-248.23397499,218.022413274,22.3070139924
15,-240.412567681,218.818823357,18.7232087331
15,-232.63957603,219.8492378,15.2970085822
15,-224.72506089,220.348015711,11.5231324409
15,-216.783350103,220.989492591,7.99308679439
15,-208.861236148,221.674796665,4.53608993618
15,-201.005889807,222.445203638,1.18752907944
15,-192.728372806,223.328826084,-1.40292490434
15,-184.532952958,224.659798452,-3.51894809536
15,-200.239793247,255.354265231,-11.4214959696
15,-183.776982849,244.817339591,-12.6072848928
15,-169.996242852,237.651418911,-14.7449903937
15,-157.924320014,232.892091002,-16.9106300293
15,-146.042304458,227.777513927,-18.9593766046
15,-136.332115487,226.592287626,-21.3360681236
15,-126.93484895,225.733995045,-23.7459164452
15,-117.716844328,225.136082765,-25.9200580545
15,-108.64212,224.728216198,-28.1966574729
15,-99.5787678538,224.547465502,-30.248777268
15,-90.5344822051,224.454378161,-32.2269306127
15,-81.5014649474,224.520079882,-34.0683512559
15,-72.4459475281,224.584099962,-35.9883118467
15,-63.3466030276,224.388735446,-38.2544302364
15,-54.1397952494,224.374489046,-39.8692638533
15,-44.8895148899,224.012497891,-41.820877866
15,-35.5675481978,223.692601984,-43.5705900424
15,-26.1536428899,223.346418489,-45.2832042381
15,-16.6650790327,222.810418102,-46.9720197509
15,-7.19436894457,222.42913607,-48.2279008615
15,2.23556925554,222.13020849,-49.2692078619
15,11.6116980937,221.433231161,-50.4093358459
15,20.8506866146,220.609233481,-51.3846733181
15,30.0054726266,219.798922035,-52.3821146784
15,38.9970243812,218.675646049,-53.2228584522
15,47.8114772878,217.543603082,-53.5907723988
15,56.6693688602,216.518063661,-54.1556567215
15,65.6061877844,215.766375695,-54.7671883981
15,74.5668661905,214.871628416,-55.2486845941
15,83.6638395809,213.883612829,-55.8557076536
15,92.4967740287,212.640612775,-56.2129548506
15,100.954372426,211.511331613,-56.0538245932
15,109.520197781,210.61286051,-56.3842143664
15,117.94462213,209.915113674,-56.5188158725
15,125.894230931,209.22009088,-56.0056624444
15,133.931908167,208.402156398,-56.2362886239
15,141.021490487,207.234379148,-55.7780976816
15,147.653641261,206.116800953,-55.0288238519
15,154.013875764,205.464289842,-53.9167745339
15,159.803896212,204.212638474,-52.7963013978
15,165.944554847,203.409852072,-51.9324847628
15,172.241261196,202.427187615,-51.6744600439
15,177.485926895,200.94918309,-50.6387287162
15,182.108757227,200.231950184,-48.5976379507
15,186.297250696,199.12054435,-46.8191899517
15,189.307655252,198.681503179,-43.6795372922
15,192.457923243,197.282089699,-41.9844719935
15,195.624481947,195.99191595,-40.7605160842
15,198.49868414,194.770647541,-39.6750640445
15,200.191597615,193.926571191,-37.6221999096
15,203.09212229,193.06198023,-36.9345394208
15,204.334721397,192.598378887,-34.8025914369
16,-280.471309638,251.634941063,13.4045079642
16,-276.101623558,252.587036966,11.2228291634
16,-271.9939747,254.202991435,9.29361383442
16,-267.393284843,255.397039459,7.41438941216
16,-261.721328593,255.583088728,5.40591711937
16,-256.639476584,256.409331479,3.53646291605
16,-251.210939903,256.962583843,1.82331455982
16,-246.155226755,257.614758694,-0.132660246701
16,-240.783266418,258.063954616,-1.7777352738
16,-234.683479596,258.74254965,-1.87226208384
16,-229.377563612,259.081069059,-3.55721745832
16,-223.603900603,258.680427237,-5.59201850983
16,-217.784136323,258.509563464,-7.17546710779
16,-211.869170995,258.908938171,-7.76296990155
16,-212.65328147,264.562405252,-12.7634619132
16,-203.93497084,263.034514557,-11.0141301501
16,-220.506164358,291.156201906,-17.3426482948
16,-133.6765395,251.166135282,-25.6082819737
16,-126.839139959,250.628138772,-26.8298107244
16,-119.733728442,249.766119609,-28.0937886629
16,-112.542806468,248.889312262,-29.2714497064
16,-105.261778817,247.956890817,-30.4150489684
16,-97.9238379796,246.911238689,-31.6084302109
16,-90.5399913124,245.936484675,-32.561624444
16,-83.0364263925,244.889213316,-33.5517628845
16,-75.3247517923,243.451836095,-34.5802270005
16,-67.4375745496,241.873610083,-35.6720473158
16,-59.3287257414,239.925392862,-36.804897188
16,-51.0486058361,237.783069688,-37.9406606017
16,-42.6063588561,235.663290737,-38.9429169074
16,-33.9362656124,233.145164398,-39.8817579415
16,-25.1474489982,230.537893511,-40.9945064686
16,-16.2082582808,228.088062338,-42.0019594254
16,-7.17808395436,225.539635402,-42.3811575349
16,1.9575389072,222.996726809,-42.9845863179
16,11.1343895721,220.282188755,-43.5748622733
16,20.3460839319,217.33057519,-44.2231632263
16,29.5156048548,214.65607592,-44.3294535816
16,38.5804601998,211.848907547,-44.2833655637
16,47.592661733,209.052864016,-44.440649292
16,56.551903085,206.673316296,-44.6754170015
16,65.3168077293,204.62129101,-44.4721946789
16,74.118687532,202.617637384,-44.4279084121
16,82.8573469046,200.546216323,-44.3614790002
16,91.5052660536,198.422524183,-44.2970664134
16,100.112432613,196.459906015,-44.2124471241
16,108.800876204,194.872426944,-44.1604684257
16,117.045105867,193.431755218,-43.5381808738
16,124.789450346,192.303692363,-42.1257164543
16,132.662263941,190.89606808,-41.7896863595
16,140.592212153,190.249968182,-41.2576038279
16,147.985389267,189.559294882,-40.5189572412
16,154.702497762,188.919966099,-39.3710517312
16,161.082623439,188.69144904,-37.8751258975
16,166.440974693,187.996600164,-35.9474476923
16,171.637047547,188.368372485,-33.4219209784
16,177.917956487,188.400926668,-33.0832264303
16,182.946541216,188.545632063,-31.7350805976
16,187.803540835,188.626718027,-30.7456664734
17,-292.657516013,256.298184561,31.8215842485
17,-288.069532184,256.223219422,29.2847715374
17,-283.275325693,256.522723318,26.9560524188
17,-278.1940785,257.109503907,24.9812927632
17,-273.72254442,257.861520171,22.0919756965
17,-269.04147606,258.433410487,18.9483233419
17,-263.520047936,258.856843331,16.4784313941
17,-257.392003627,258.646177742,13.7748085378
17,-251.794529799,259.085510058,11.0980523108
17,-245.864573185,259.240496929,8.43622548198
17,-239.871325657,259.647913267,6.23802410212
17,-234.291269272,260.241847578,3.76384618776
17,-228.434098661,260.623403216,1.37729877966
17,-222.518017185,260.532272447,-1.66093045718
17,-216.166545912,260.657202346,-3.62852394661
17,-210.998205764,261.429021019,-6.88561297892
17,-216.68809687,274.302492246,-12.265474254
17,-205.410157451,270.516050662,-10.7739708518
17,-195.320628471,268.107319783,-9.79835356577
17,-186.771644838,265.5237382,-12.2536617774
17,-178.585152275,263.386606597,-14.4384816827
17,-169.957049063,260.138233437,-16.558375925
17,-162.772722279,259.576033356,-18.3181401891
17,-155.589869083,258.922781378,-19.8326694651
17,-148.469579783,258.075432344,-21.3780919174
17,-141.288120459,257.01501467,-22.6745827112
17,-134.22581197,255.922404065,-23.9232690073
17,-127.252270514,254.810968317,-24.9051378193
17,-120.408596534,253.602197694,-25.9519577738
17,-113.603047859,252.234586779,-26.7547032606
17,-106.900781945,250.788281835,-27.5700670605
17,-100.170062436,249.178405403,-28.2442216208
17,-87.9439183287,245.934984068,-29.2588742288
17,-77.4300228824,243.06963221,-30.0969975496
17,-67.9448089506,240.5490523,-30.7770250776
17,-59.0247161723,238.048624251,-31.5218035097
17,-50.442310221,235.506227458,-32.1198671229
17,-42.027764183,232.818224126,-32.7199416384
17,-33.8148170626,230.357030954,-33.4287264015
17,-25.6447205176,227.705204153,-33.9219768491
17,-17.407748225,225.001727615,-34.5015827672
17,-8.99212971329,222.22916147,-34.9189200176
17,-0.322401432826,219.448359737,-34.8819837561
17,8.55501589363,216.429389194,-35.1112164057
17,17.5714638749,213.477817873,-35.3418482061
17,26.6341705967,210.652584898,-35.7161202779
17,35.6079339132,208.005677528,-35.5805035896
17,44.5289341365,205.343708316,-35.5477999213
17,53.5248532758,203.111971528,-35.5454828886
17,62.5543475577,201.022343861,-35.58792982
17,71.6012119731,199.320663555,-35.2960206232
17,80.7629270108,197.743026319,-35.1958766306
17,89.8509462798,196.1088123,-35.1465593961
17,98.6416261921,194.704190433,-34.2549714616
17,107.841208907,193.600353336,-34.5439293024
17,116.575874868,192.837520539,-34.0186909682
17,125.187909861,192.151179493,-33.732499694
17,133.982070268,191.890954238,-33.6639112734
17,142.181642438,191.755825396,-32.5185220451
17,150.192894411,191.475706585,-31.4766494609
17,158.345833677,191.469124887,-30.7010562563
17,166.706835841,190.960886518,-31.2873572913
17,173.41249282,190.758750708,-29.1185647703
17,179.976648516,190.376886431,-27.2612452886
17,186.397396013,189.662382218,-25.9858652493
17,192.588221203,189.309822995,-24.2340017921
17,198.905723917,188.663150153,-23.3787650077
17,203.634917492,188.19699254,-20.6821746834
17,208.283163244,187.349470855,-18.6075848638
17,211.462054253,186.405867365,-15.5791079278
18,-281.754849309,257.127343567,3.78906540696
18,-276.176963233,256.00791826,2.19184910598
18,-270.34261013,254.17824079,-0.0971511775781
18,-263.827949624,252.690812983,-1.24290892045
18,-257.607737964,251.162008767,-2.80545152571
18,-251.291683202,249.566528289,-4.38204511762
18,-245.057744484,247.678988616,-6.36607909159
18,-239.35898028,246.531205453,-8.12524022228
18,-233.014881007,244.889664708,-9.62013839758
18,-227.043501907,243.516652541,-11.2298604053
18,-220.375922948,241.931870397,-11.9453974085
18,-213.347914801,240.229593845,-12.1419246794
18,-205.988629446,237.249459882,-13.5504156148
18,-199.931333375,236.30353682,-14.1580985719
18,-193.913719916,235.35078837,-14.940373839
18,-190.067757073,235.543571222,-17.9093085837
18,-182.684409365,233.689341206,-17.7815134413
18,-175.710567664,232.404754497,-17.8914666195
18,-170.216111534,232.444063653,-20.7280631486
18,-162.357798214,230.200299719,-20.288867047
18,-154.528458578,228.016375035,-20.2926425203
18,-146.684251391,225.933060729,-20.5857067334
18,-137.45907247,221.366706619,-20.8794837621
18,-130.025375923,220.868860614,-21.5634380369
18,-122.324073645,220.145061662,-22.4069840483
18,-114.21001593,218.998687784,-23.2950012243
18,-105.942524458,217.919982461,-24.2240923192
18,-97.453588215,216.824066264,-25.0747113189
18,-88.7779559277,215.705526669,-25.9330599329
18,-80.0017991292,214.779985786,-26.6983816051
18,-71.1236173567,213.812830084,-27.6723048751
18,-62.1984039635,212.937316758,-28.3648726593
18,-53.2578321272,212.131189985,-29.2691507413
18,-44.318692507,211.312870817,-29.974124523
18,-35.3697407246,210.424393118,-30.5925296609
18,-26.4912475677,209.630113579,-31.4096058688
18,-17.6644482862,208.937530795,-32.0040652935
18,-8.84337527817,208.117069452,-32.5871268317
18,-0.0762021361546,207.443393381,-32.7546487437
18,8.73393492809,206.507380174,-33.0578920661
18,17.5556499032,205.483555474,-33.3911647485
18,26.4538482129,204.47310687,-33.7966535844
18,35.3694287091,203.332278508,-34.1735207399
18,44.2082927109,202.12172334,-34.2048989671
18,53.1101937168,200.892596068,-34.3785277443
18,62.0043128353,199.721063586,-34.5458551479
18,70.8641864535,198.542380837,-34.6983085492
18,79.6810135712,197.417970826,-34.7916999905
18,88.324019481,196.249445651,-34.9015449783
18,96.668310373,195.134374858,-34.695314416
18,104.87088674,193.958172755,-34.3940533317
18,113.311048458,192.863911506,-34.5212372064
18,122.020375429,191.872418767,-35.0518597363
18,130.000520197,191.120403398,-34.2151043087
18,137.676859735,190.108525417,-33.2622248085
18,145.950148062,189.31914263,-32.9949630378
18,152.327370385,188.767937249,-30.32452885
18,159.328619906,187.362274508,-29.1222469934
18,165.780411152,186.006404891,-27.5311009615
18,172.119049673,184.879006349,-25.8207289058
18,178.292404072,184.146755093,-23.9352810588
18,184.782348154,182.87779316,-22.9449789127
18,190.275670176,182.142338763,-20.9544301586
18,195.178689555,179.092946619,-20.8675781726
18,199.672818143,178.179723971,-18.5980815705
18,203.497018297,177.578573463,-16.0508430939
19,-263.827968549,197.215867911,47.828900726
19,-258.293725822,195.417273221,43.1972480564
19,-252.84570293,193.850427416,38.6544874135
19,-247.088880017,192.802099599,35.3799699269
19,-241.132769826,191.654530302,31.9536726172
19,-235.261906443,190.714331991,28.7238695739
19,-229.918908362,190.437961629,25.9558519866
19,-224.095244381,189.834907554,23.2171468479
19,-218.194883252,189.332587479,20.8111825564
19,-212.924004639,189.222041218,18.1438960199
19,-207.470963918,189.013939046,15.5505031136
19,-201.927163034,188.865809016,13.1994767946
19,-196.396644168,188.789796763,10.8260958578
19,-190.759741368,188.471988426,8.10328029282
19,-184.964306925,188.116261578,5.73372417606
19,-179.107021234,187.777108856,3.39632641467
19,-169.558766541,182.98324758,-2.76312995717
19,-164.914779414,184.700784693,-2.65333691477
19,-159.890726378,186.112005271,-2.74574523183
19,-154.880528406,187.198607246,-3.93590308518
19,-167.130347888,212.172754526,-9.88305033258
19,-154.55902104,203.123630157,-10.2471945857
19,-144.343763604,198.030287522,-10.9337216394
19,-135.438236777,195.046984066,-12.0283227008
19,-127.274960887,193.390689556,-13.3472597608
19,-119.118536313,191.853117747,-14.7159843331
19,-111.547962845,191.931001507,-16.191983283
19,-103.886033982,192.203636685,-17.6511334507
19,-96.1796686418,192.672117733,-19.2015746532
19,-88.3959818381,193.126178703,-20.966040261
19,-80.6728925022,193.933804447,-22.4252125366
19,-73.0011491751,194.94221285,-23.9030006092
19,-58.9286439305,197.319175847,-26.243171936
19,-47.2112806516,199.304735335,-28.0795835822
19,-36.8407801313,200.875811615,-29.5883833053
19,-27.2685627783,202.388603044,-30.7797592975
19,-18.0961391385,203.727837236,-31.9822246676
19,-9.07567504211,204.808185971,-32.9869404606
19,-0.102897305159,205.868284729,-33.7590620738
19,8.89512931106,206.651116807,-34.5944196771
19,17.9268347034,207.266148485,-35.4619512305
19,26.9444390668,207.68608009,-36.1465392932
19,35.8386108095,208.017831597,-36.3158499016
19,44.7118403537,208.018967124,-36.4615870586
19,53.7038547811,207.97865612,-36.9951784019
19,62.7321421335,207.902687407,-37.4359110611
19,71.8206887511,207.576702354,-37.8499627426
19,81.0731557118,207.14612275,-38.391724815
19,90.2444359552,206.512223388,-38.7012945355
19,99.3100670403,205.628774266,-38.952850327
19,108.154865528,204.737979951,-38.8694579193
19,117.137642617,204.440344367,-38.944414914
19,125.745990514,203.897645053,-38.8291835588
19,134.136538386,203.432069982,-38.5723996098
19,142.618921263,202.850889783,-38.9590635466
19,150.625890092,202.757005054,-38.2802391779
19,157.916875029,202.660245324,-36.8560462382
19,164.963290112,202.729166857,-35.3196831849
19,172.079675803,202.749318996,-34.7573823205
19,178.394220878,202.838898608,-33.4246097574
19,184.945601963,202.260114828,-34.4614987437
19,189.801296045,202.666758455,-31.9898402613
19,194.802600254,202.97248564,-30.6127390922
19,199.315310031,203.348855538,-29.2927525241
20,-287.203158358,265.915474195,59.9455335385
20,-285.119584686,266.417528627,57.3976757548
20,-282.258565858,266.312672371,54.9257243787
20,-279.238860463,264.034346133,49.8673967679
20,-276.822302927,264.560919739,48.0092136381
20,-273.392521589,264.65374377,46.6149007815
20,-270.446516303,264.11361454,43.8399273111
20,-266.232943822,263.008956634,41.6342517879
20,-262.090281484,261.67745281,39.0141882055
20,-257.624833775,260.07590891,36.2271705934
20,-253.001598062,258.549342839,33.5323107095
20,-248.30298898,257.504040946,31.4873881915
20,-243.314322919,256.035169258,29.1515667641
20,-238.275194907,254.666794531,27.0277805183
20,-233.830303371,253.8916016,24.9476568347
20,-228.745518143,252.242286245,22.612985725
20,-223.698136799,250.456106674,20.0958155228
20,-218.113292645,248.449659102,17.9627871556
20,-212.523403649,246.573567012,15.8879204499
20,-206.742753336,244.598585815,13.7863358889
20,-200.92880008,242.565909914,11.5229152847
20,-194.709076152,240.451276872,9.63696632256
20,-188.450269124,238.312184321,7.73019114763
20,-182.205015086,236.223375924,5.84944215404
20,-175.91606085,233.981281493,3.66596375754
20,-169.490024544,231.742127319,1.71639145663
20,-162.823280097,229.528780775,0.233445392562
20,-156.018667159,227.452530869,-0.976316442423
20,-148.976588933,225.510458634,-1.80792647225
20,-141.654423542,223.569256614,-2.50379837778
20,-134.45249393,220.748332226,-5.1847058572
20,-127.091920569,218.164414237,-7.51000501417
20,-119.601698465,215.731223688,-9.48834225614
20,-112.026100086,213.235254439,-11.502931721
20,-104.320554581,210.873464254,-13.225872075
20,-96.5306667939,208.827669668,-14.5165753632
20,-82.5144448272,205.856548909,-16.5427011854
20,-70.9018446326,203.471837759,-18.4480732591
20,-60.6681479265,201.592986811,-19.8410281713
20,-51.2395802949,199.940868383,-21.124059669
20,-42.2437868782,198.532052905,-22.0595429479
20,-33.4778131879,197.183874206,-23.1444347374
20,-24.8018140748,195.968389371,-24.1720648971
20,-16.1122134332,194.953618768,-25.0553858351
20,-7.38166836717,194.100653618,-26.043540638
20,1.36508246991,193.50001843,-26.8847222318
20,10.0568916701,192.855461559,-27.651202721
20,18.6233052707,192.382552946,-28.4780144422
20,27.0614549449,192.228453658,-29.1313167381
20,35.2643587886,192.338533686,-29.314346238
20,43.3926036277,192.659204394,-29.6879287305
20,51.4199642,193.330594794,-30.0068643926
20,59.3722069477,194.398299419,-30.2919672133
20,67.2173824034,195.498440603,-30.6134739307
20,74.9788560856,196.812434932,-30.8597793299
20,82.7435421423,198.12259711,-31.1883188214
20,90.3813787558,199.440483658,-31.3938495904
20,97.8251564477,200.713783165,-31.3068260901
20,105.399434895,202.197842384,-31.4751322419
20,113.204959441,203.73604757,-32.0597836676
20,120.909953108,205.484959851,-32.0380901696
20,128.518473263,207.043288667,-31.9623231226
20,135.84751801,208.488745558,-31.476604011
20,142.918670734,210.008676497,-30.513023124
20,149.400701108,211.044656176,-29.1943834147
20,156.04399764,212.533029595,-27.852822334
20,162.476812742,213.839159292,-26.7153530422
20,169.688270729,215.595766127,-26.4192963686
20,175.544834696,217.139587099,-25.0059617545
20,180.22860519,218.166017024,-23.197717631
20,184.731189375,219.256856467,-21.7010073519
20,189.003813157,220.825637028,-20.0702686844
20,194.029697683,223.026490776,-19.2828500514
20,197.317046358,224.504558331,-17.7484632829
20,200.641349397,226.261348453,-16.5088245086
20,202.477817304,227.504313208,-14.6265981957
20,205.707295914,229.014091011,-14.1290243906
20,207.29004171,230.2348214,-12.5584709834
20,206.685402654,229.72237627,-10.5018923715
20,204.35939604,232.159725097,-5.98819007583
20,209.154919921,234.193114993,-6.64219811342
20,210.686064919,234.013276942,-6.20650161705
20,211.717021198,234.872033024,-4.73181355347
20,214.836962697,236.292524813,-4.17286795796
20,213.142632729,238.568794135,0.212488381001
20,212.085454763,239.517932142,3.56404150888
20,215.319171158,244.125853392,6.79611840287
